#{"t_start": 1696268238.708186, "env_id": "None"}
r,l,t,rendimiento,rentabilidadMedia,aciertos,errores,aciertosplus
-154.16891,500,2.034998,0.7233351865234601,-0.13978558865621143,43.0,46.0,3.0
-179.88005,500,3.532273,1.0675732650346106,0.03932626015851526,41.0,34.0,1.0
-170.84242,500,5.008252,1.0833442769860546,0.04820901611246736,41.0,37.0,2.0
-188.29985,500,6.490825,0.6148968704010408,-0.226071548367546,30.0,46.0,5.0
-176.1068,500,7.97921,0.85913115967145,-0.06866147555383056,40.0,42.0,1.0
-159.4854,500,9.472248,1.3939634300282098,0.18028163109986672,54.0,30.0,4.0
-183.47249,500,10.94957,0.5839946165909321,-0.2540878635815104,27.0,44.0,1.0
-179.22983,500,12.430371,0.6956767122630918,-0.1619295065628253,39.0,39.0,3.0
-165.92824,500,13.907951,0.9471255907840848,-0.005827861278891733,51.0,39.0,3.0
-164.00294,500,15.40198,1.6900488862618583,0.29319839606675074,37.0,41.0,9.0
-156.83061,500,16.882215,1.0306944008820034,0.03410928458180695,47.0,41.0,3.0
-168.91411,500,18.365023,1.0808359109466197,0.04293786796653121,51.0,34.0,0.0
-169.75818,500,19.842717,1.2217802164066094,0.10520541556114832,53.0,35.0,1.0
-174.14525,500,21.31817,0.7573713928637197,-0.11359652517144286,47.0,38.0,2.0
-168.27286,500,22.805408,0.717677040041762,-0.1546014206015192,38.0,40.0,1.0
-183.01706,500,24.291745,0.8249700500026459,-0.07328679106797137,45.0,42.0,3.0
-178.95049,500,25.773968,1.0008493984887208,0.010399355663055887,47.0,35.0,1.0
-153.04858,500,27.258391,0.8679426144222279,-0.057117916763401944,43.0,42.0,2.0
-163.86609,500,28.73759,1.10131155065453,0.05398316425966182,50.0,33.0,1.0
-165.58757,500,30.214892,1.113234856047893,0.08001796566321417,48.0,41.0,6.0
-174.99847,500,31.70382,0.9225765549066091,-0.02985996455847867,46.0,40.0,2.0
-163.09991,500,33.190845,0.6564045565492554,-0.17828068128655555,41.0,44.0,7.0
-155.98824,500,34.665612,0.8977480266223893,-0.04062877606403431,39.0,49.0,2.0
-172.14174,500,36.14834,0.804773820477809,-0.0972182274022722,42.0,36.0,2.0
-192.84048,500,37.636679,1.1248042308284092,0.06586374276387391,47.0,32.0,1.0
-158.75603,500,39.113874,1.0211205688608054,0.03449495121044699,45.0,41.0,3.0
-185.73982,500,40.596936,1.091033209633585,0.05964334044310726,45.0,37.0,4.0
-141.95781,500,42.084061,1.035054169198075,0.021092696614482986,49.0,43.0,0.0
-160.73157,500,43.57484,1.234648962709422,0.11460976128301953,51.0,35.0,1.0
-192.86082,500,45.064892,0.9884377101171588,0.014625196506164673,39.0,37.0,3.0
-170.7352,500,46.560468,1.2539457351848464,0.11966840690369557,56.0,26.0,1.0
-163.47626,500,48.047885,1.3507100364643738,0.16876944161625673,43.0,33.0,4.0
-141.51425,500,49.525055,1.3477034455354633,0.16281675079466057,49.0,39.0,4.0
-176.08897,500,51.001053,0.8726165762351394,-0.05953684668049225,37.0,39.0,1.0
-167.79059,500,52.484546,1.1699788947402179,0.08571401329272915,50.0,37.0,1.0
-174.13254,500,53.963511,0.7606946734811405,-0.11026143031916791,41.0,35.0,3.0
-159.6625,500,55.43842,1.2376795746647724,0.12062432476557838,49.0,39.0,2.0
-166.73672,500,56.91083,1.0807214719453238,0.056765973260796465,40.0,43.0,4.0
-164.28055,500,58.398227,0.710658965177301,-0.15536264325366567,43.0,46.0,1.0
-169.84837,500,59.881082,1.0219283019332992,0.024808521885125834,50.0,38.0,3.0
-156.68907,500,61.368579,1.1940164297109956,0.09968182812527981,52.0,38.0,3.0
-163.28667,500,62.84991,1.5008832602948674,0.22366971891188547,45.0,37.0,6.0
-155.05151,500,64.320784,0.844589867711706,-0.07102240534002324,39.0,44.0,3.0
-152.00883,500,65.805224,0.9499866571498876,-0.018033095606278804,51.0,36.0,1.0
-152.16788,500,67.293916,0.829642004656897,-0.08392504852404781,39.0,46.0,0.0
-180.15213,500,68.775783,0.6824085511281548,-0.16172617247673943,37.0,36.0,4.0
-151.12952,500,70.259495,1.7760393877131995,0.3059718367968062,53.0,34.0,7.0
-157.93285,500,71.736183,0.9363977703467311,-0.018236213084905806,41.0,39.0,3.0
-173.73273,500,73.222976,1.202969986105871,0.10271862506563356,56.0,33.0,1.0
-167.0915,500,74.692189,0.6805362464510267,-0.14212273702571948,39.0,40.0,4.0
-164.04314,500,76.182727,0.916656830923513,-0.036430592316336274,44.0,42.0,1.0
-173.99078,500,77.669031,0.9061827094590438,-0.037948621372776103,40.0,46.0,3.0
-177.99086,500,79.145379,0.8953453644587368,-0.041323021006499094,45.0,34.0,2.0
-179.60794,500,80.616083,0.9549150926205924,0.021499711476750116,40.0,43.0,8.0
-181.00894,500,82.100364,0.8936063799862103,-0.04510647691887493,40.0,40.0,3.0
-187.92569,500,83.581724,1.025687043482117,0.018571788939550138,40.0,31.0,1.0
-176.7711,500,85.054913,1.1325621216051276,0.07042536761542922,45.0,30.0,2.0
-156.0537,500,86.531383,0.8110621261273356,-0.09181012054209559,36.0,40.0,4.0
-167.78137,500,88.012857,1.2244003813187159,0.10931741721669164,42.0,34.0,0.0
-173.83662,500,89.488489,1.1516745723524437,0.08170513387217437,47.0,33.0,0.0
-156.03635,500,90.979039,0.793059894576277,-0.09949237846343945,38.0,44.0,5.0
-173.58102,500,92.467083,1.136478225180345,0.08912720650309719,44.0,35.0,6.0
-164.032,500,93.947473,0.8693140666483401,-0.05308752035966613,48.0,37.0,2.0
-166.91315,500,95.423616,0.9941857088564127,0.00900952310777281,49.0,33.0,2.0
-154.74982,500,96.908186,1.2330465021136203,0.11081213782627453,46.0,36.0,1.0
-164.04718,500,98.39543,0.9062137501710985,-0.03879599489450458,43.0,42.0,1.0
-162.68513,500,99.873706,1.2616362556082867,0.1274829494107929,49.0,34.0,1.0
-160.17828,500,101.368223,1.7961158218513043,0.3087413400950215,54.0,29.0,6.0
-158.89499,500,102.85718,1.0648879781282745,0.0393558225206776,44.0,39.0,1.0
-167.01314,500,104.345376,0.8960609689133041,-0.04489962957635091,46.0,38.0,3.0
-150.20667,500,105.82268,0.7351100928240556,-0.13609285596511844,49.0,46.0,1.0
-177.06384,500,107.304504,0.9250044026119252,-0.031935107680886254,42.0,39.0,0.0
-162.99599,500,108.773534,0.9036969429487663,-0.03959266417460805,39.0,41.0,3.0
-197.88861,500,110.241608,1.062427045914461,0.03986615270143018,44.0,33.0,1.0
-159.19559,500,111.71534,0.730238807414471,-0.13674015349963226,48.0,38.0,2.0
-163.24731,500,113.204007,0.7097506370965458,-0.15609690255868097,40.0,46.0,2.0
-159.82114,500,114.681216,1.1454336203819442,0.07664316437504576,43.0,35.0,1.0
-150.14699,500,116.150147,0.82013494340971,-0.09124751214939925,45.0,49.0,1.0
-140.72202,500,117.630678,1.049195187775622,0.044109499789251605,53.0,46.0,5.0
-163.97144,500,119.120287,0.8595925000228193,-0.05825833741793596,45.0,35.0,3.0
-154.68121,500,120.597563,1.0908120555246668,0.06835790831632987,43.0,35.0,4.0
-168.29102,500,122.069931,0.697593236193967,-0.16717275766407136,34.0,44.0,1.0
-156.66225,500,123.557647,1.3812303400732127,0.16886420180690948,55.0,25.0,0.0
-164.48512,500,125.034429,1.4674660382164226,0.20286913681182162,52.0,27.0,2.0
-168.14813,500,126.513626,0.7923317811364617,-0.09944839805656241,38.0,38.0,2.0
-136.87035,500,128.007056,1.1277510769510914,0.06481042420985406,52.0,41.0,0.0
-179.87488,500,129.487674,1.0589452116212374,0.0393806905779191,54.0,26.0,1.0
-160.56429,500,130.961096,1.3725178169580505,0.16930566188911295,51.0,35.0,3.0
-171.60938,500,132.460733,1.092300667569942,0.06928561257521154,48.0,36.0,6.0
-165.89455,500,133.949814,1.0596555397895113,0.0359486162556828,41.0,29.0,1.0
-167.07957,500,135.444313,0.9038179381285755,-0.03978205021847531,44.0,40.0,0.0
-164.11174,500,136.92734,0.6864308649083429,-0.1601800075366857,40.0,46.0,4.0
-166.9142,500,138.411783,1.0773411115621803,0.04290382293105427,48.0,35.0,0.0
-170.99527,500,139.892191,0.930445221370189,-0.025060012479176552,44.0,38.0,2.0
-173.99342,500,141.371778,0.9250703068387943,-0.030687051210664673,40.0,41.0,2.0
-164.98476,500,142.863258,0.8405841244029926,-0.06330798086205619,50.0,43.0,4.0
-169.23941,500,144.346863,0.748923907118625,-0.13740561876060442,35.0,50.0,1.0
-185.98709,500,145.827119,0.8579057635274332,-0.05978051619423591,43.0,34.0,4.0
-144.8891,500,147.315189,0.9309220531672281,-0.020084834447130273,51.0,42.0,5.0
-170.49133,500,148.796248,1.228302893131055,0.12571062514204878,43.0,39.0,7.0
-58.941948,500,151.023575,0.8899787332449245,-0.04337584966517488,16.0,16.0,4.0
-64.78467,500,152.825883,1.0152896838749108,0.02778511168505371,12.0,12.0,3.0
-66.1853,500,154.613441,0.7348652175332971,-0.13929731318649685,11.0,17.0,2.0
-51.874207,500,156.401669,0.9975753478991589,0.012103466474623736,13.0,9.0,3.0
-57.061478,500,158.202709,0.883131113297122,-0.0544952856363482,12.0,12.0,1.0
-64.00142,500,159.999923,0.8919440344972671,-0.045824095697332645,12.0,12.0,2.0
-56.59482,500,161.783424,1.0512523575252517,0.0628708970617266,13.0,17.0,4.0
-56.042427,500,163.567276,0.8209297544955757,-0.0810437890779746,14.0,16.0,3.0
-55.873623,500,165.357275,0.9979907629488264,0.00900806565129847,13.0,14.0,3.0
-36.309742,500,167.154726,0.7179079788609131,-0.15486885215169244,16.0,11.0,0.0
-53.613052,500,168.958538,1.2959162871763756,0.13652350360858212,14.0,7.0,4.0
-55.093403,500,170.733877,0.896701775367238,-0.046700479400244854,13.0,14.0,0.0
-50.946335,500,172.526978,1.0470936995174878,0.026834960754704318,14.0,13.0,0.0
-57.886192,500,174.303177,1.0143022311167709,0.02508996255806961,17.0,13.0,2.0
-43.529823,500,176.088898,1.422962367129256,0.18344360187324682,15.0,6.0,2.0
-44.24782,500,177.893163,0.7397060102756442,-0.13664819868039874,11.0,11.0,1.0
-54.752605,500,179.68505,1.1984819127082704,0.09710077389844196,10.0,10.0,1.0
-37.112232,500,181.469658,0.8594255032513033,-0.07138765330496072,9.0,14.0,1.0
-47.956738,500,183.273723,0.9993860661365317,0.006241851805065479,9.0,10.0,1.0
-31.624409,500,185.056902,1.2402911674587345,0.1161746636195854,13.0,7.0,4.0
-34.671875,500,186.857213,1.2443185181272383,0.11562808781831807,9.0,8.0,2.0
-33.15341,500,188.656925,0.7816818790229954,-0.10731555565135936,10.0,11.0,2.0
-47.197987,500,190.448404,0.7210184022653109,-0.1370895316043953,6.0,5.0,2.0
-35.707253,500,192.24744,1.1744326126994202,0.08884221404244008,10.0,9.0,3.0
-40.09113,500,194.072733,0.8514933541669316,-0.07379613178868827,9.0,9.0,2.0
-26.02584,500,195.887785,0.8709357111010145,-0.05394797089227915,9.0,9.0,1.0
-35.2191,500,197.691399,0.7182947016898239,-0.14871487078552786,8.0,11.0,2.0
-33.525978,500,199.486667,0.567351227079724,-0.2629879852509257,7.0,12.0,0.0
-29.83472,500,201.312612,1.1752392508157048,0.08264067590468732,8.0,3.0,0.0
-21.544819,500,203.164723,1.2535760492317238,0.12607774330054589,8.0,4.0,5.0
-28.392647,500,204.990676,0.660675927825507,-0.19632323948258668,5.0,9.0,0.0
-30.07494,500,206.805244,0.8671892533332578,-0.061338019324899296,4.0,8.0,1.0
-24.898554,500,208.611806,1.0168403982066196,0.012664461924370818,7.0,7.0,2.0
-34.181725,500,210.46123,0.8259156564953869,-0.09086208949941482,6.0,8.0,0.0
-27.84922,500,212.316527,1.0132747948947938,0.01593391932509003,5.0,9.0,3.0
-28.964352,500,214.105742,0.97435920761467,-0.004474077960500145,9.0,7.0,1.0
-24.917234,500,215.897637,1.0390290931346178,0.022230181290192774,4.0,5.0,1.0
-25.549942,500,217.681541,1.2541329643676793,0.1275130061600666,5.0,8.0,3.0
-18.83998,500,219.478247,1.0877735128132162,0.045386624929381614,8.0,6.0,2.0
-17.106054,500,221.273516,0.8898795876363338,-0.05302708989170979,5.0,5.0,0.0
-19.111748,500,223.07676,0.883674081347133,-0.05587473136805404,5.0,5.0,0.0
-22.796087,500,224.860064,1.099513708070138,0.0552910598238191,5.0,2.0,2.0
-10.07248,500,226.667206,0.9250380199686722,-0.036240339349184414,3.0,5.0,0.0
-18.882128,500,228.471907,0.9735442832954856,-0.0026821218224117316,4.0,9.0,2.0
-16.798294,500,230.261498,1.1620762729987313,0.0781805807215048,7.0,4.0,1.0
-14.902476,500,232.080067,1.0380028762277886,0.02202364907102239,3.0,4.0,1.0
-11.965501,500,233.882483,0.9071810457804681,-0.03954819477328675,3.0,6.0,3.0
-5.8799663,500,235.681575,1.0530881540030328,0.02977226313500192,4.0,4.0,2.0
-10.765102,500,237.506624,1.1032544540902376,0.0581174398334835,3.0,1.0,3.0
-7.917516,500,239.37187,1.001591715107565,0.00843203470235454,2.0,2.0,1.0
-8.967546,500,241.181839,0.9652566274229212,-0.011803148569137945,3.0,2.0,1.0
-5.416094,500,243.027705,0.593808532313282,-0.20804670617885096,0.0,2.0,0.0
-6.0899715,500,244.800263,0.9119134148179822,-0.04498565095034074,1.0,3.0,0.0
-6.9170003,500,246.574135,1.044934587741132,0.023378314128897515,2.0,2.0,1.0
-3.6291006,500,248.330934,1.2030421783631493,0.1074292409301128,4.0,1.0,2.0
-9.837387,500,250.083375,1.0781438822704783,0.04440378907403486,3.0,2.0,1.0
-10.785955,500,251.822816,1.1399147755641728,0.068782969160125,5.0,1.0,2.0
-8.5173435,500,253.598254,1.310353801614293,0.1592465137719022,3.0,1.0,1.0
-6.372332,500,255.376291,0.6648879396665021,-0.18616622328843896,2.0,4.0,0.0
-8.670491,500,257.146119,1.1759384696377666,0.09262213932897007,2.0,2.0,2.0
-7.552356,500,258.932634,1.323188174654945,0.1476023095245076,3.0,1.0,3.0
-10.258722,500,260.804191,0.7154792384015054,-0.143504515845936,1.0,2.0,1.0
-7.646482,500,262.68702,1.2370119854696844,0.11435948196316531,2.0,2.0,2.0
-7.2376246,500,264.525739,0.7720601202161939,-0.11881224264101214,0.0,2.0,0.0
-8.554241,500,266.343595,1.2364479979881744,0.1290940657791863,3.0,2.0,2.0
-8.563425,500,268.188796,1.2935825345681922,0.14621445385310783,2.0,1.0,1.0
-2.0813665,500,270.025878,0.869357833449441,-0.059268710978168104,3.0,3.0,1.0
-16.058979,500,271.839245,0.9410205511151993,-0.029489724442400334,0.0,1.0,0.0
-8.98098,500,273.681404,0.9508738340058699,-0.017679953831509554,2.0,3.0,1.0
-11.062535,500,275.499677,0.9370545570921733,-0.03126758799029178,2.0,2.0,0.0
-11.638194,500,277.321091,1.1040901305252024,0.08573470445173326,2.0,2.0,1.0
-12.421973,500,279.149486,1.3515652634447268,0.1851551999026005,1.0,1.0,1.0
-5.0856185,500,280.959384,0.9143858355353499,-0.042809062710721435,4.0,2.0,0.0
-12.550632,500,282.778379,0.5129194515833811,-0.2753161419809528,0.0,4.0,0.0
-7.8504267,500,284.597519,1.125098231893644,0.06053471804677607,3.0,1.0,1.0
-22.209383,500,286.460677,0.7906164632499821,-0.10469176837500893,0.0,1.0,0.0
-9.024363,500,288.326066,0.9423530178688899,-0.027010410420333475,1.0,2.0,1.0
-4.4793057,500,290.154392,1.4032309232700644,0.1814237309158403,3.0,0.0,2.0
-11.958714,500,291.988978,0.978463860243003,-0.007186828993007599,3.0,3.0,2.0
-5.9880576,500,293.851854,0.9650241763619186,-0.014564049555835068,1.0,3.0,1.0
-5.3460445,500,295.664476,0.6915581028557513,-0.173022420299705,1.0,5.0,0.0
-8.793236,500,297.529178,1.1283288648038718,0.06365713642420989,2.0,1.0,2.0
-3.6672957,500,299.351229,1.1936788624896613,0.1005145146980746,4.0,3.0,2.0
-7.2309246,500,301.236322,0.7849332802166673,-0.11546246941255517,0.0,3.0,0.0
-8.012033,500,303.146049,0.9097945648677854,-0.038570998471864015,2.0,3.0,2.0
-13.831097,500,305.038326,1.1145764513207497,0.05826445600674324,4.0,1.0,1.0
-8.049775,500,306.850326,0.9045195486312277,-0.04551057545205767,1.0,3.0,1.0
-3.9257336,500,308.70526,1.0402183275808528,0.020887911522880442,2.0,2.0,1.0
-9.947674,500,310.591909,0.9580687056421194,-0.009983718011215281,3.0,2.0,1.0
-124.1521,500,312.479874,0.847897174165187,-0.07605141291740652,0.0,1.0,0.0
-9.905733,500,314.356996,1.0245686178656082,0.016964464285675274,4.0,3.0,1.0
-4.1062818,500,316.27491,0.8364101288180852,-0.07290583086558972,1.0,1.0,1.0
-6.904143,500,318.16647,1.0520271463888455,0.02782470589910524,3.0,1.0,1.0
-9.931772,500,320.064749,1.0695330572648787,0.03411404458449818,4.0,0.0,0.0
-8.636051,500,321.968355,1.2312948508634423,0.11455731801103858,3.0,1.0,2.0
-6.344749,500,323.766791,0.6871277641253375,-0.17237438793993376,0.0,4.0,0.0
-6.3154545,500,325.566224,0.7081732042830862,-0.15772736787424618,0.0,4.0,0.0
-10.208392,500,327.362934,0.7920066642317609,-0.10419614327580579,1.0,2.0,0.0
-7.9981976,500,329.173663,0.9554354616771523,-0.019378221200398726,3.0,3.0,1.0
-3.9621797,500,330.974635,1.0372055721302371,0.01891019919778908,3.0,2.0,0.0
-7.3064914,500,332.821298,1.500293511369231,0.23946572994107873,2.0,0.0,1.0
-8.568815,500,334.658752,1.2831287051517608,0.13714644738746867,3.0,2.0,2.0
-9.333167,500,336.508968,0.6673219026831732,-0.16658398739542846,0.0,2.0,0.0
-15.407153,500,338.353246,1.4463672997306534,0.20971117475703005,3.0,0.0,1.0
-5.7151814,500,340.119237,1.2187315078982857,0.10250079606009976,3.0,0.0,2.0
-9.915396,500,341.941977,0.9746811085260564,-0.0008242753884417642,2.0,3.0,1.0
-6.885579,500,343.781923,1.0856681327283684,0.04219182383783354,3.0,1.0,1.0
-6.225551,500,345.591961,0.7902001873100231,-0.11277591845474266,1.0,5.0,0.0
-8.183883,500,347.387343,0.8199397643814735,-0.09194121884617856,2.0,3.0,0.0
-5.766962,500,349.204401,1.1773304319294067,0.08569915590796484,2.0,0.0,1.0
-7.825101,500,350.999714,1.1233148639979407,0.060820379641523536,3.0,0.0,1.0
-6.9503913,500,352.808632,1.0174618104235653,0.01047341148949077,2.0,1.0,1.0
-7.377357,500,354.569187,0.6342604097185488,-0.18867862387331957,0.0,2.0,0.0
-7.7841954,500,356.319362,1.0729271788500028,0.0511067988121191,3.0,3.0,1.0
-6.1246514,500,358.115348,0.7142664824440083,-0.12196097125798322,2.0,3.0,2.0
-12.077693,500,359.899725,0.8868889042570706,-0.05386360767386289,2.0,3.0,1.0
-12.172298,500,361.718518,0.8360074224814155,-0.08614957108200788,0.0,3.0,0.0
-9.854049,500,363.49456,1.0490434727360238,0.03202024918564511,1.0,3.0,1.0
-6.109381,500,365.294642,0.8639891180400245,-0.06742394928726575,1.0,2.0,1.0
-10.926532,500,367.088001,0.9555545817168772,-0.009837011683873464,3.0,2.0,2.0
-5.1510315,500,368.890488,0.8524507417308451,-0.07551536394774361,2.0,3.0,0.0
-8.232136,500,370.692771,0.7761257700070829,-0.116067741299609,1.0,3.0,0.0
-8.768105,500,372.50384,1.0765126053291145,0.049799345846152254,2.0,3.0,2.0
-5.8312483,500,374.294163,1.0427910378309309,0.03211942324041461,2.0,1.0,2.0
-8.138907,500,376.086312,0.8629361038243836,-0.0694539050693675,3.0,2.0,0.0
-10.052899,500,377.879934,0.946853824220374,-0.02644998776554247,1.0,3.0,0.0
-4.701308,500,379.724097,1.1915683574121436,0.09265512125845005,5.0,3.0,3.0
-9.17521,500,381.560903,0.828949397000091,-0.08760504897020388,1.0,2.0,0.0
-7.871151,500,383.386907,1.100944983390457,0.049685961487392794,3.0,1.0,1.0
-10.9800205,500,385.210519,0.9627008143353111,-0.010460653403314313,3.0,1.0,1.0
-2.5906792,500,387.033214,1.2785326407659627,0.1380998431125232,3.0,2.0,1.0
-9.084499,500,388.85537,0.846414183918349,-0.06932837631442629,3.0,2.0,2.0
-8.6512375,500,390.67614,1.232638936495248,0.11322903469742907,3.0,2.0,2.0
-10.14965,500,392.498365,0.8466387732844529,-0.07482483875235485,1.0,2.0,0.0
-11.036962,500,394.327046,0.9588760904877378,-0.01848056858388547,2.0,1.0,0.0
-8.028862,500,396.151761,0.9713815196930277,-0.014430783114347423,0.0,3.0,0.0
-4.0613155,500,397.981737,0.9063322545645113,-0.0449036527090757,2.0,4.0,1.0
-9.166037,500,399.798819,0.8307530920684251,-0.08301819280073447,3.0,1.0,0.0
-9.936992,500,401.618581,0.995542486527078,0.001845630523748587,3.0,3.0,2.0
-5.8859177,500,403.439456,1.010070133632316,0.016665582913233,5.0,3.0,1.0
-4.874548,500,405.253425,1.0494812563519862,0.029126946226048833,4.0,3.0,2.0
-7.9141436,500,407.104363,1.0540186127329323,0.02759733371827716,2.0,1.0,1.0
-3.784097,500,408.932936,1.0784370352840078,0.04926031793493241,3.0,2.0,2.0
-10.10548,500,410.765424,0.8926598323745998,-0.05274008750990328,2.0,3.0,0.0
-10.042935,500,412.587453,0.8984944991889674,-0.04376913553969641,1.0,2.0,1.0
-10.828441,500,414.422585,1.1005825697143494,0.05250253150600165,3.0,1.0,1.0
-7.995434,500,416.243781,1.003399271565168,0.0022831580679932295,2.0,1.0,0.0
-6.1966934,500,418.067614,0.8078355744301351,-0.09834667168667344,1.0,3.0,0.0
-8.960697,500,419.895675,0.9850956071100613,-0.0034206432129937903,2.0,2.0,1.0
-10.755467,500,421.726032,1.143125735912916,0.07621752797523085,4.0,2.0,1.0
-10.121613,500,423.554783,0.8806882246138237,-0.060805983051164914,1.0,2.0,0.0
-7.04123,500,425.378487,0.922069164182926,-0.03565055943509776,2.0,2.0,1.0
-3.121969,500,427.254345,0.8773437219954161,-0.06098431713488389,2.0,3.0,0.0
-8.407054,500,429.027668,0.6354778907603287,-0.2035272571133807,3.0,3.0,0.0
-10.997555,500,430.767945,0.9576165827850103,-0.016858753943507776,4.0,2.0,1.0
-6.0848207,500,432.503102,0.9102935805871647,-0.042410491326427435,1.0,1.0,0.0
-9.877611,500,434.33131,1.0638348343467943,0.03483091155514523,3.0,1.0,1.0
-6.0920815,500,436.188152,0.9099300194727017,-0.04604059150757095,2.0,3.0,0.0
-9.153796,500,438.038891,0.8510225374345098,-0.07689855108114457,0.0,4.0,0.0
-5.906292,500,439.884179,1.0408954748968895,0.024727354790748612,3.0,2.0,1.0
-6.005842,500,441.735086,1.7720604720118855,0.33138584791817294,2.0,0.0,2.0
-6.701384,500,443.590353,1.1820129152544123,0.09138525596588648,2.0,1.0,2.0
-11.96003,500,445.421454,0.9709714671680677,-0.009181097320704934,2.0,3.0,1.0
-134.00075,500,447.239221,0.9992571921339891,-0.00037140393300544305,0.0,1.0,0.0
-7.9046125,500,449.042895,1.0112671435033922,0.010975644221052405,2.0,3.0,2.0
-7.0407968,500,450.878558,0.9309084149244041,-0.0329298392322907,1.0,2.0,1.0
-8.032723,500,452.690975,0.9243485299497197,-0.035186866006351236,1.0,2.0,1.0
-6.8634834,500,454.515734,1.0989565600902396,0.049115954448327115,3.0,1.0,1.0
-4.9976983,500,456.328489,0.9462521925252327,-0.021941183527539765,1.0,3.0,1.0
-7.309611,500,458.144814,0.7051671902595634,-0.1548051970084573,0.0,3.0,0.0
-6.0242896,500,459.951334,0.9718523888486632,-0.012144821103872494,3.0,2.0,0.0
-6.712479,500,461.785839,1.1743072831644188,0.08877378886797671,3.0,2.0,2.0
-8.7731695,500,463.622465,1.1228986875571756,0.06800641238267491,4.0,3.0,1.0
-7.5707192,500,465.429496,1.293219210367151,0.1418849039627884,4.0,1.0,2.0
-6.209076,500,467.232898,0.8020987131298384,-0.10453805710558833,0.0,4.0,0.0
-7.512704,500,469.024089,1.3648614455638455,0.16687539762095482,3.0,1.0,2.0
-7.809936,500,470.886233,1.0723189527750374,0.04620658702802721,1.0,1.0,1.0
-13.053799,500,472.706219,0.9106507993201141,-0.040841824090040724,1.0,1.0,1.0
-6.3288693,500,474.528379,1.527446289867107,0.2294871515482686,4.0,0.0,3.0
-10.624259,500,476.363342,1.2838337922678034,0.13017526933883972,5.0,2.0,3.0
-6.41227,500,478.195408,1.3879185522287234,0.19501771063464862,1.0,1.0,1.0
-9.903753,500,480.021359,1.099584418655031,0.048123153340305924,4.0,0.0,0.0
-9.907584,500,481.837655,0.977389948765465,-0.0011368500840818752,2.0,2.0,2.0
-5.606967,500,483.670937,1.2850412877941046,0.1313236811311455,6.0,2.0,3.0
-9.113105,500,485.5249,0.886894969766706,-0.056552515116646995,0.0,1.0,0.0
-9.337625,500,487.350867,0.661853771482863,-0.16881228164149986,1.0,1.0,0.0
-12.736125,500,489.167077,1.1594819919608854,0.08429534039389142,4.0,2.0,1.0
-6.9730525,500,490.998661,1.0271167810252608,0.013473770337692481,2.0,0.0,0.0
-10.075199,500,492.825593,0.9258007727770659,-0.0375996330790212,1.0,2.0,0.0
-9.842656,500,494.654697,1.0959184596968572,0.05030710216770068,3.0,1.0,1.0
-9.090039,500,496.496153,0.9124734988542115,-0.04501926856910238,0.0,4.0,0.0
-8.913477,500,498.324996,1.0564406173718406,0.02831470120321533,1.0,1.0,1.0
-7.189906,500,500.16151,1.5250853837351181,0.24975696545541715,3.0,2.0,3.0
-8.523004,500,501.986988,1.3495912702374717,0.16358134856632456,3.0,0.0,2.0
-11.349927,500,503.821653,0.6868768203764744,-0.17496395966149791,0.0,4.0,0.0
-4.9162254,500,505.651529,0.9525950253872256,-0.006936638505565806,2.0,1.0,2.0
-8.703073,500,507.475776,1.2050865040740562,0.10123562169336697,3.0,0.0,1.0
-2.8702762,500,509.301142,0.9013568661355956,-0.015709904988196244,2.0,4.0,1.0
-7.873861,500,511.11544,1.068960430443342,0.036914905028615,2.0,5.0,1.0
-11.224179,500,512.937837,0.7896991307957805,-0.11208944817988703,2.0,6.0,0.0
-5.151736,500,514.764951,0.8558452373836227,-0.07586791558258865,1.0,4.0,0.0
-9.642819,500,516.577959,1.2639157707784923,0.12693699277825687,3.0,0.0,1.0
-4.0351005,500,518.388019,0.9643875165964646,-0.017550241630909458,1.0,3.0,0.0
-7.7850575,500,520.231451,1.1410103350085257,0.06900372348981204,3.0,2.0,2.0
-8.465249,500,522.071971,1.3711501701094626,0.17063664042404708,3.0,1.0,3.0
-5.36733,500,523.909911,1.324999831800552,0.18622078990883184,2.0,1.0,2.0
-7.1510305,500,525.782668,0.8559016529933806,-0.07551528981815797,0.0,3.0,0.0
-16.22123,500,527.614365,0.6615764792525828,-0.14268244703634125,1.0,1.0,1.0
-7.7028103,500,529.437984,1.2066543594909682,0.09906324245484388,2.0,0.0,2.0
-8.342766,500,531.263094,0.6897787006704473,-0.171382641181538,0.0,4.0,0.0
-8.965712,500,533.114732,0.9745686058803934,-0.007813216042560689,2.0,3.0,1.0
-7.989935,500,534.938829,1.0100539804952986,0.0050326973433648114,1.0,1.0,0.0
-8.168152,500,536.765358,0.8224434187586628,-0.08407557354064915,2.0,1.0,0.0
-7.2618957,500,538.594552,0.7395284957302521,-0.130947911845339,1.0,2.0,0.0
-9.073774,500,540.421191,0.925461120143975,-0.03688738507545186,2.0,2.0,0.0
-10.831976,500,542.23326,1.0378525088993689,0.032131457002707364,2.0,2.0,1.0
-11.01248,500,544.083622,0.955583196340006,-0.02064935066423279,1.0,2.0,1.0
-7.9365945,500,545.926916,1.0002779223467326,0.00520452435323282,1.0,1.0,1.0
-8.84524,500,547.753616,1.0550717303765953,0.03390732997819862,4.0,1.0,2.0
-6.575221,500,549.588519,1.2535773857174621,0.13082100439842476,2.0,1.0,2.0
-10.900325,500,551.439838,1.0258410646617617,0.017249369035204187,2.0,1.0,2.0
-11.124282,500,553.296366,0.8803041029395517,-0.06214097811220576,0.0,3.0,0.0
-10.741628,500,555.123251,1.1916151493442397,0.09111502436538715,3.0,2.0,2.0
-11.108853,500,557.007659,0.7845479089164161,-0.09777081760495676,1.0,3.0,1.0
-6.6931806,500,558.882432,1.1445060496120074,0.08578795488020308,2.0,2.0,1.0
-10.054284,500,560.753604,0.8672245530963014,-0.05581585380612086,2.0,2.0,1.0
-4.111617,500,562.61616,0.8909644317079001,-0.05580858327716709,1.0,4.0,0.0
-8.200714,500,564.504995,0.8091656204251351,-0.10035671425057235,1.0,4.0,0.0
-38.058296,500,566.359625,0.9417051371136641,-0.029147431443167948,0.0,1.0,0.0
-6.760639,500,568.175968,1.1732571170583546,0.0826708250896494,3.0,0.0,2.0
-7.9782853,500,569.990235,1.0207245446799604,0.01085729176612582,1.0,2.0,0.0
-7.582815,500,571.85739,1.3014528269811436,0.1405947861515161,3.0,0.0,2.0
-7.598003,500,573.719152,1.1900482327225301,0.10511810241277109,4.0,3.0,3.0
-6.9649944,500,575.520939,0.8843325797548682,-0.03090897745274257,3.0,1.0,2.0
-13.056221,500,577.334255,0.9388086024948823,-0.02811043900378629,1.0,1.0,0.0
-9.119847,500,579.183581,0.8390609302344326,-0.07851533282693307,2.0,3.0,1.0
-10.769419,500,581.043028,1.0608601660226016,0.05232368192956183,2.0,1.0,1.0
-5.8874693,500,582.893004,1.0114208296174352,0.01711274897772097,2.0,2.0,1.0
-6.4956617,500,584.764273,0.5457304431190577,-0.24783101060418572,0.0,3.0,0.0
-6.906892,500,586.669025,1.040122582473833,0.023567450378474908,2.0,1.0,1.0
-10.911874,500,588.499206,1.0277624968935617,0.018852721607327816,3.0,1.0,1.0
-15.057911,500,590.395621,0.9371885291067279,-0.028955112466926003,3.0,2.0,0.0
-5.984696,500,592.23811,1.0131906737953278,0.007651950897686166,3.0,2.0,0.0
-13.270399,500,594.034359,0.7093164986643123,-0.13519932996007983,4.0,1.0,0.0
-7.8420553,500,595.827102,1.1007417207254986,0.051359241886897,2.0,1.0,1.0
-5.038107,500,597.726395,0.9020053069572653,-0.04358319298170443,1.0,2.0,1.0
-7.030632,500,599.597288,0.9682414588286579,-0.0153161360547579,3.0,3.0,0.0
-4.899521,500,601.455212,1.0229869085815604,0.017717590951196738,3.0,2.0,1.0
-10.119236,500,603.356098,0.8843837487680583,-0.059618197018283525,0.0,3.0,0.0
-8.268063,500,605.167011,0.7487607602577027,-0.13403158043008273,0.0,3.0,0.0
-10.990716,500,606.968342,0.8888144916343499,-0.041238299489747055,1.0,2.0,1.0
-6.8341208,500,608.773127,1.0852826618137619,0.044832377718941996,2.0,1.0,2.0
-7.8126383,500,610.629008,1.1361589825895488,0.06702663001778558,3.0,1.0,1.0
-3.25801,500,612.486251,1.5759858673762397,0.2458244734751664,5.0,1.0,4.0
-8.968658,500,614.330483,0.9832293424461476,-0.0048187632094721655,3.0,3.0,1.0
-6.950805,500,616.201079,1.0015774756261022,0.004091366103554761,2.0,2.0,1.0
-8.8406925,500,618.057682,1.0908496287572453,0.04736987783085361,4.0,3.0,2.0
-5.7302,500,619.884109,1.1464440871688582,0.08073005673120492,3.0,2.0,1.0
-11.120101,500,621.699612,0.8826690667185468,-0.06005062267996092,0.0,2.0,0.0
-9.81045,500,623.510476,1.1446271161361128,0.07013611890148574,4.0,1.0,1.0
-6.973821,500,625.321717,0.991065561406137,-0.002824069974302623,1.0,2.0,1.0
-9.960496,500,627.14887,0.9920795336115834,-3.191672911723176e-05,2.0,1.0,1.0
-9.936469,500,628.986616,1.8768084888419285,0.3545100334486706,3.0,0.0,3.0
-6.272192,500,630.799298,0.7476130215067357,-0.13609597346391128,2.0,3.0,0.0
-13.237129,500,632.624586,1.5449461078792406,0.2455509296081494,4.0,2.0,3.0
-8.290932,500,634.446824,0.7304052031700738,-0.14546550366351851,0.0,3.0,0.0
-5.855999,500,636.251932,1.088092015526584,0.04494938695795886,4.0,1.0,2.0
-11.944289,500,638.065265,1.0564608751019253,0.0278554361012478,3.0,1.0,0.0
-8.844505,500,639.860984,1.1127277047277704,0.05583011500266932,2.0,1.0,1.0
-3.7028284,500,641.684256,1.1179967918039442,0.0774466211666549,1.0,1.0,1.0
-5.007626,500,643.501167,0.9921102253122512,-0.0038128320291243023,2.0,2.0,0.0
-7.7299685,500,645.326218,1.1666145213786587,0.08356226078345763,3.0,2.0,2.0
-9.02453,500,647.156232,0.9439309014204836,-0.025937114397436623,2.0,2.0,1.0
-5.0514684,500,648.996342,0.857814606316094,-0.06318657147747397,2.0,2.0,2.0
-8.844079,500,650.801831,1.110547556215812,0.05452455378324372,3.0,0.0,1.0
-10.134099,500,652.645992,0.8594623556356268,-0.06704958149147772,2.0,2.0,0.0
-7.010439,500,654.470694,0.9886696104595816,-0.005219500580668335,1.0,2.0,0.0
-14.246809,500,656.280306,0.7655313937331659,-0.12340442118826617,1.0,3.0,0.0
-11.973871,500,658.076386,1.0262064749585769,0.013064596751648061,3.0,1.0,0.0
-7.9968376,500,659.898494,0.9213453578635272,-0.030552451771179323,2.0,3.0,1.0
-4.5540857,500,661.722412,0.5248929261512159,-0.27704282455314894,0.0,3.0,0.0
-7.7702513,500,663.539708,1.197881315695273,0.09279962119080976,5.0,0.0,1.0
-9.97996,500,665.365968,1.0192409506463485,0.010019527812958895,2.0,1.0,0.0
-11.378164,500,667.19574,1.4661722050066468,0.20727871575126977,3.0,0.0,3.0
-12.25123,500,669.027165,0.6397519374422257,-0.15088376260845704,2.0,1.0,1.0
-10.689167,500,670.848061,1.2283209385610279,0.10767004087228316,3.0,0.0,2.0
-6.7327375,500,672.686615,1.1969555054928982,0.09545402657270918,3.0,0.0,1.0
-3.9464998,500,674.503851,0.9672944507732482,-0.010050819631252705,3.0,3.0,2.0
-11.895161,500,676.297532,1.0588228337480576,0.03100815725623718,2.0,3.0,1.0
-5.7567177,500,678.109607,1.141608853834595,0.07195141146535688,2.0,2.0,2.0
-5.82796,500,679.923216,1.079803754775063,0.04368302179784511,2.0,1.0,2.0
-3.6829808,500,681.731163,1.2243348258859021,0.10977079094247211,2.0,0.0,1.0
-17.96231,500,683.525593,1.0079161391746712,0.0049917123401763686,1.0,2.0,1.0
-11.879497,500,685.352029,0.9860886463953741,0.007299755278980358,1.0,3.0,1.0
-10.399353,500,687.157847,0.641648366068809,-0.19967648007689537,2.0,3.0,0.0
-12.903124,500,688.963857,0.9547642853601823,-0.003310016415480732,2.0,2.0,1.0
-5.80577,500,690.779182,1.1515624991835807,0.07305392374428055,3.0,0.0,1.0
-2.008669,500,692.611295,0.89301887894483,-0.04275862156688853,2.0,3.0,1.0
-5.784476,500,694.431481,1.1176964992115408,0.06338558417577245,2.0,2.0,1.0
-9.878,500,696.231005,1.0386249876170572,0.024656274269642897,1.0,4.0,1.0
-9.764413,500,698.033544,1.179812618308761,0.08656335343265786,4.0,1.0,1.0
-6.1792035,500,699.828017,0.827551777192119,-0.08960195364035517,1.0,4.0,0.0
-7.382806,500,701.62933,1.4679951782386762,0.20573126606871717,4.0,0.0,4.0
-6.0136366,500,703.42963,0.9863637078052987,-0.0068181460973506525,0.0,1.0,0.0
-4.814241,500,705.234752,1.0089106182606076,0.024652950218928937,2.0,2.0,2.0
-23.983452,500,707.054526,1.0165581240968775,0.008274185875653317,2.0,0.0,0.0
-8.8220005,500,708.860146,1.0565983438305997,0.03978669847551952,1.0,2.0,1.0
-6.071653,500,710.666393,0.9292128804884325,-0.03582632952176473,1.0,2.0,0.0
-9.860509,500,712.482712,1.0463352502125496,0.03333316189822261,5.0,2.0,1.0
-7.9345875,500,714.29399,1.0149169936120892,0.010479208724235689,1.0,1.0,1.0
-6.202426,500,716.096205,0.8002291007031624,-0.10121286147367958,1.0,3.0,0.0
-11.861929,500,717.926293,1.068290551213795,0.03756620775274877,2.0,1.0,1.0
-12.085034,500,719.732362,0.9167663551323684,-0.0425167847483669,1.0,4.0,0.0
-5.8184304,500,721.531792,1.0869887124178927,0.04946290026575978,4.0,1.0,2.0
-12.909441,500,723.342847,1.0538801221004865,0.028318833442148417,3.0,2.0,1.0
-4.9581137,500,725.154755,0.9790951282192136,-0.0065088418027175465,1.0,4.0,1.0
-9.184254,500,726.978573,0.8246270376816275,-0.092126983963988,0.0,3.0,0.0
-4.7547317,500,728.788048,1.1573441576664314,0.07982016844645734,2.0,1.0,1.0
-7.8394823,500,730.589992,1.0446509778274915,0.029575526958053988,3.0,3.0,2.0
-8.020438,500,732.385118,0.9341996150019534,-0.029617921918264067,1.0,2.0,1.0
-10.69004,500,734.188724,1.1972281641365687,0.1007398586592898,4.0,1.0,1.0
-9.877761,500,736.018881,1.0762511801232455,0.03908170504652608,2.0,2.0,1.0
-8.120243,500,737.836709,0.8823597608084619,-0.06012171540314837,1.0,2.0,0.0
-5.5242863,500,739.68324,1.2885155744171557,0.15180027784997602,4.0,1.0,1.0
-8.872808,500,741.524158,0.9800478462863732,0.00838973295910267,3.0,3.0,1.0
-13.880442,500,743.34372,1.0967362624197243,0.04725561858364358,2.0,0.0,1.0
-8.925402,500,745.144775,1.0354151983627924,0.018996666120576045,1.0,1.0,1.0
-9.079301,500,746.937081,0.922095221831213,-0.03965058149685807,2.0,6.0,0.0
-12.770028,500,748.74964,1.1971895520666302,0.09288355941626752,4.0,1.0,1.0
-6.8184605,500,750.548118,1.0809265789499873,0.04439434652342561,4.0,1.0,3.0
-4.8821173,500,752.367832,0.9984603196941849,0.01053922482200842,1.0,3.0,1.0
-9.804954,500,754.198415,1.1295691410818602,0.063447317816129,4.0,2.0,2.0
-5.136288,500,756.052974,0.8303260576038286,-0.08206538485813036,1.0,2.0,1.0
-11.975878,500,757.880558,1.0242649792614114,0.012061050622728997,2.0,0.0,0.0
-7.854691,500,759.691048,1.0515772231112128,0.030246450972046146,2.0,2.0,2.0
-8.607428,500,761.492208,1.273462125603777,0.13027544820587617,3.0,1.0,2.0
-5.226204,500,763.332331,0.7838301806472902,-0.11310200475977966,1.0,2.0,0.0
-13.050305,500,765.145757,0.9495047173090084,-0.025152798092792528,1.0,2.0,0.0
-16.740234,500,766.965345,1.2031633603039549,0.0951676531600063,5.0,0.0,2.0
-13.031238,500,768.782889,0.8933604706096109,-0.040353785415119026,2.0,1.0,1.0
-9.261202,500,770.590046,0.7387981081723202,-0.13060094591383992,0.0,1.0,0.0
-13.977644,500,772.403826,1.0223566284903138,0.011178314245156917,1.0,0.0,0.0
-10.124819,500,774.241187,0.8690530545764221,-0.06240911561670581,2.0,3.0,0.0
-7.5585675,500,776.059688,1.2255026601725298,0.12144912087841409,3.0,2.0,3.0
-13.861634,500,777.913337,1.0715941143104157,0.03859960211840702,2.0,1.0,1.0
-6.6245556,500,779.768291,1.2625677600438632,0.12236886537237679,3.0,1.0,3.0
-8.675027,500,781.687965,1.215558323202767,0.10515625418924524,2.0,1.0,2.0
-8.942661,500,783.537468,1.0577580864341614,0.0286700935302322,3.0,3.0,0.0
-12.698389,500,785.32696,1.2190516986467141,0.10373312679239732,3.0,2.0,2.0
-3.526584,500,787.133745,1.3708492634629406,0.16531305717272327,4.0,0.0,3.0
-9.783646,500,788.948502,1.1060870006781014,0.06102517295846799,2.0,2.0,1.0
-6.136844,500,790.752548,0.8383105045668553,-0.08138536099039162,1.0,3.0,1.0
-9.113262,500,792.558803,0.7032776357099828,-0.11505693064892986,1.0,3.0,1.0
-11.122124,500,794.355488,0.879841399282098,-0.061061879159108434,1.0,4.0,0.0
-6.967952,500,796.142281,0.975263096313749,-0.007486874634721308,2.0,4.0,1.0
-0.93385905,500,797.944801,1.0347571976665213,0.018160256150010046,2.0,1.0,1.0
-12.114144,500,799.744251,0.8858554453802843,-0.057072277309857866,0.0,1.0,0.0
-9.949331,500,801.538349,1.0492662867235039,0.025333926187888378,4.0,3.0,0.0
-3.0468323,500,803.340876,0.9208548326566509,-0.03783449883324208,3.0,4.0,1.0
-9.458343,500,805.135082,0.6007632051041434,-0.2291715033639204,2.0,4.0,0.0
-8.111741,500,806.923067,0.8882608836923079,-0.05587082478697464,2.0,2.0,0.0
-8.9965925,500,808.724809,0.9225894356177168,-0.0312354841201522,2.0,2.0,2.0
-10.0262985,500,810.52828,0.9733283027454999,-0.013149549724040088,1.0,1.0,0.0
-6.4045343,500,812.408373,1.392642391804253,0.1931619095021791,3.0,1.0,2.0
-29.56673,500,814.268384,1.3096737612667173,0.14442357501781733,2.0,0.0,2.0
-6.623133,500,816.129115,1.2539926913500088,0.12233669624776,2.0,1.0,2.0
-7.799765,500,817.994426,1.104921377147302,0.057325375086287045,2.0,1.0,1.0
-11.743854,500,819.872097,1.0669670641268834,0.05367996022514537,3.0,2.0,2.0
-2.7320359,500,821.764304,1.200049482900575,0.09450048629598784,5.0,0.0,2.0
-11.2239065,500,823.651824,0.7865705490217784,-0.111953056787086,1.0,4.0,0.0
-8.674322,500,825.533024,1.20810427325511,0.10299013126549994,3.0,1.0,2.0
-11.116683,500,827.40203,0.8485591531341484,-0.07449159381197396,2.0,4.0,1.0
-4.80865,500,829.25915,1.1335839369218426,0.06599351937108733,3.0,0.0,1.0
-7.1075683,500,831.157085,0.8874065635968804,-0.053784218688230134,2.0,3.0,0.0
-8.853165,500,833.040172,1.0386702263728937,0.027798783755589584,1.0,4.0,1.0
-12.483473,500,834.910149,0.546252491393584,-0.25952555974869895,1.0,4.0,1.0
-8.201245,500,836.798081,0.8063557041810177,-0.10062269444463617,0.0,3.0,0.0
-2.8780274,500,838.666504,1.06655879511321,0.03500590314781299,2.0,2.0,1.0
-4.845973,500,840.51725,1.1250424730577875,0.06029909996469629,5.0,1.0,1.0
-10.94169,500,842.431307,0.9819302810419254,-0.002239897655951839,1.0,3.0,1.0
-6.652168,500,844.298487,1.2242340303620927,0.10977218112635528,4.0,2.0,2.0
-6.946407,500,846.143293,0.9697923825869845,-0.003295969948919786,4.0,1.0,1.0
-7.097305,500,848.017589,0.8308694945062244,-0.07641405053724565,1.0,2.0,1.0
-7.928575,500,849.847484,1.0066432723804535,0.008417738111997142,2.0,2.0,1.0
-12.105521,500,851.644312,0.8944787784735446,-0.05276061076322769,0.0,1.0,0.0
-8.268241,500,853.478828,0.7542046579763314,-0.13412055039832188,0.0,5.0,0.0
-6.0720468,500,855.395607,0.9251169500061701,-0.0360232621050543,2.0,2.0,0.0
-11.890559,500,857.30444,1.0474917304838587,0.026230951755509102,4.0,1.0,2.0
-12.897491,500,859.14456,1.0756890775751013,0.03730147836378034,3.0,1.0,1.0
-11.022331,500,860.984992,0.9370322852134523,-0.027333358450375878,3.0,2.0,1.0
-10.707584,500,862.843182,1.2135182662857724,0.10121478318924876,4.0,1.0,2.0
-8.200646,500,864.670333,0.810286481228856,-0.10032300581866915,1.0,4.0,0.0
-7.2244477,500,866.536418,1.613197119559153,0.25979186731433274,4.0,1.0,3.0
-9.972884,500,868.40691,1.0271156974851794,0.013557848742589695,1.0,0.0,0.0
-12.112831,500,870.253905,0.8908493117337606,-0.05641601764210591,0.0,3.0,0.0
-2.9840267,500,872.132973,1.0156233242185997,0.007986620319369808,1.0,2.0,0.0
-8.10101,500,874.006183,0.8666375170186678,-0.06597366693418849,2.0,4.0,1.0
-5.8353877,500,875.846241,1.1388218043323346,0.0664867616088971,4.0,0.0,1.0
-10.894581,500,877.671202,1.0513315398656735,0.028150558671764914,2.0,2.0,1.0
-6.158477,500,879.496762,0.8471194964975718,-0.0792383348864914,0.0,2.0,0.0
