#{"t_start": 1696269351.9778771, "env_id": "None"}
r,l,t,rendimiento,rentabilidadMedia,aciertos,errores,aciertosplus
-155.54181,500,28.709302,1.4025725346955533,0.1801524469982348,52.0,24.0,3.0
-173.0216,500,30.614231,0.9666373210688636,-0.010797272855779305,48.0,35.0,0.0
-172.10771,500,33.416547,0.8160562957050229,-0.08664439690210363,44.0,43.0,2.0
-168.58458,500,35.326287,1.2304970684225685,0.12498354065817241,44.0,30.0,4.0
-159.64882,500,37.891371,1.3619231309945194,0.16001072311631986,47.0,31.0,1.0
-172.07896,500,39.805428,0.8032846610799371,-0.08687375201829228,38.0,40.0,3.0
-142.19789,500,42.372117,0.6822167458491206,-0.17441345426411964,29.0,46.0,3.0
-130.12926,500,44.282852,0.8117299078656053,-0.09689096353913712,30.0,42.0,2.0
-136.03569,500,46.877283,0.9527932674055636,-0.017834536454849503,40.0,45.0,0.0
-134.8678,500,48.781657,1.0210114135414974,0.020399179421341063,39.0,29.0,3.0
-149.91032,500,51.354877,0.9797635897616159,0.009945461127606525,42.0,27.0,2.0
-127.75112,500,53.262831,1.231435518175333,0.10995111771370669,51.0,29.0,1.0
-129.81696,500,55.86461,1.0264751786960238,0.02384067140709939,29.0,28.0,4.0
-124.42365,500,57.779181,0.5791414061392905,-0.2549057105837788,24.0,30.0,3.0
-122.44943,500,60.363046,1.5269799698592161,0.22009807006631493,35.0,20.0,3.0
-116.07436,500,62.283903,0.9199849576483313,-0.03717736068523214,30.0,27.0,0.0
-124.4934,500,64.901274,1.3860433492712507,0.17211936419439722,30.0,21.0,5.0
-103.99887,500,66.843032,0.9180972445912398,-0.03228065635546029,28.0,24.0,2.0
-98.83581,500,69.404934,0.9542510079555979,-0.008213249556661972,21.0,22.0,5.0
-96.12674,500,71.294941,0.8718467457235426,-0.06337064732741715,24.0,28.0,0.0
-98.99759,500,73.851007,0.9946774166110204,0.0012040366568354388,26.0,23.0,0.0
-89.82045,500,75.742401,1.1349413521544256,0.07085644071067015,23.0,21.0,1.0
-76.76826,500,78.313044,1.0393402988927771,0.03651416042889283,26.0,17.0,3.0
-76.70113,500,80.257031,1.3373054087175313,0.14943397948157194,25.0,18.0,0.0
-78.58691,500,82.844056,1.2422821327026847,0.12580109057019745,25.0,22.0,4.0
-78.83127,500,84.845142,1.091585708325606,0.061373254644729036,27.0,12.0,1.0
-62.543682,500,87.474621,0.5661543057995014,-0.27184047897880526,13.0,24.0,0.0
-63.868942,500,89.421168,1.017914868459381,0.017051387084340175,15.0,16.0,2.0
-73.48717,500,91.993887,0.46350568502023015,-0.33097317842123297,12.0,23.0,4.0
-67.813515,500,93.927523,1.0373966847214233,0.028066932117861265,17.0,14.0,4.0
-64.062355,500,96.530836,0.7782268626748996,-0.0979555810373065,15.0,14.0,2.0
-42.851673,500,98.390962,0.9891633394250314,0.010743119240262111,16.0,18.0,2.0
-55.10433,500,100.929908,0.8952229668316802,-0.05216305745021138,14.0,16.0,0.0
-48.00697,500,102.783422,0.8420340404417298,-0.06801352279636469,13.0,16.0,3.0
-48.953148,500,105.309012,1.042468838620146,0.023428863384248766,15.0,13.0,0.0
-44.986507,500,107.250527,1.011032337499338,0.006746136182203544,10.0,10.0,0.0
-44.156242,500,109.794891,1.6335638617020738,0.2703427425542354,18.0,12.0,5.0
-58.77363,500,111.700779,1.1151156115407377,0.062019094593233404,9.0,8.0,2.0
-59.851776,500,114.304438,1.1117646692343481,0.055721200204543186,10.0,7.0,1.0
-46.937344,500,116.155454,1.0575894562225285,0.0313299237654216,12.0,7.0,0.0
-50.958847,500,118.679454,1.0004577853851457,0.007099223096691032,13.0,11.0,1.0
-38.01965,500,120.572118,0.9757936345070197,-0.009825416832495493,6.0,8.0,0.0
-40.489285,500,122.400075,0.5908024370638277,-0.24463909738529693,8.0,12.0,0.0
-42.65864,500,124.931287,1.2188069443892278,0.10904276269894658,10.0,13.0,2.0
-36.93348,500,126.783039,0.9629965754513709,-0.002932087422619134,10.0,7.0,1.0
-33.886612,500,129.28071,0.9202815098756884,-0.014914410334688322,6.0,9.0,2.0
-27.001373,500,131.128533,0.962603826054378,-0.014287840098824778,7.0,6.0,1.0
-32.93714,500,133.728281,1.0588668820955143,0.03142896049442967,10.0,6.0,0.0
-29.674507,500,135.682146,1.1807932284280485,0.094543629558823,9.0,7.0,3.0
-21.56434,500,138.246315,0.5320054144950147,-0.2821691786643235,2.0,10.0,0.0
-24.010015,500,140.200632,0.9015652686854492,-0.041900811784240266,8.0,9.0,2.0
-28.680346,500,142.751665,1.2666195857477645,0.12450687135308486,8.0,4.0,1.0
-22.926405,500,144.60135,1.0331592553873439,0.018962859588133096,4.0,5.0,1.0
-16.972095,500,147.12848,1.0263950566803701,0.013952469898147857,8.0,5.0,0.0
-13.94848,500,149.0119,0.9915212566785657,0.00038780556002532274,4.0,7.0,1.0
-6.871984,500,151.483912,1.0669517972933222,0.03688517870231417,6.0,2.0,1.0
-20.104166,500,153.383656,0.894331052732993,-0.052082374682657584,3.0,5.0,0.0
-16.495962,500,155.842791,1.3652223204930285,0.16706249551837093,5.0,2.0,3.0
-18.717283,500,157.758703,1.1595910212110212,0.08286431839481612,4.0,3.0,2.0
-18.966202,500,160.356221,0.9833323525641336,-0.004821901957404562,2.0,3.0,1.0
-12.67602,500,162.276666,1.2226120780922662,0.10576065855061739,4.0,1.0,3.0
-12.02852,500,164.853763,0.9403058281148429,-0.027888253416756326,2.0,4.0,1.0
-8.859486,500,166.763211,1.0185235456214659,0.017773860035748934,2.0,3.0,2.0
-10.045366,500,169.343617,0.911436220853151,-0.04137321899773161,1.0,2.0,1.0
-9.991297,500,171.179245,1.0069956256335848,0.004351696090094337,2.0,1.0,0.0
-7.954377,500,173.819835,0.9421110291320183,-0.01513107208398673,1.0,1.0,1.0
-0.22066592,500,175.725486,0.7921601962188051,-0.1103329587004307,1.0,3.0,0.0
-11.406478,500,178.224375,0.6122318982779447,-0.20323934014397016,0.0,3.0,0.0
-7.505788,500,180.062141,1.3331311208365324,0.15862403718019685,2.0,2.0,2.0
-7.8353615,500,182.540458,1.0665103557280846,0.037579985105396285,2.0,2.0,2.0
-5.4988666,500,184.387018,0.5011335622943678,-0.2494332188528161,0.0,1.0,0.0
-5.9886103,500,186.831318,0.9335299424093013,-0.025460100356022308,2.0,2.0,1.0
-2.2259192,500,188.652715,0.7852081510198711,-0.11295966765314369,0.0,3.0,0.0
-132.96982,500,191.129865,1.0301798086893164,0.015089904344658178,1.0,0.0,0.0
-1.0837246,500,192.931025,0.9165920740256139,-0.041862316065059135,0.0,2.0,0.0
-3.9728253,500,195.425653,1.0271746540078157,0.013587327003907856,1.0,0.0,0.0
-2.8931682,500,197.245327,1.0618751499750971,0.03297462949035823,4.0,1.0,1.0
-5.8116117,500,199.771969,1.117602711033396,0.06092296733357361,2.0,3.0,1.0
-7.711481,500,201.61293,1.1370463551668089,0.07980514647224402,1.0,2.0,1.0
-3.0124505,500,204.11268,0.9864632744382168,-0.006225187933820153,1.0,1.0,0.0
-1.931129,500,205.938128,1.069204510003969,0.034435451339648704,3.0,2.0,0.0
-2.9537632,500,208.444151,1.046236826629682,0.02311841331484099,1.0,0.0,0.0
-3.0,500,210.326685,1.0,0.0,0.0,0.0,0.0
-4.0675564,500,212.850728,0.9324433991898657,-0.03377830040506713,0.0,1.0,0.0
-3.0,500,214.822362,1.0,0.0,0.0,0.0,0.0
-3.7929995,500,216.632756,1.1425224812328298,0.06900012824273494,2.0,0.0,2.0
-2.0,500,219.134082,1.0,0.0,0.0,0.0,0.0
-1.0394913,500,220.959989,0.9605087353829147,-0.01974563230854265,0.0,1.0,0.0
-0.8189808,500,223.515542,1.1206794461709348,0.06033972308546742,1.0,0.0,1.0
-21.792782,500,225.372523,1.1381448890259442,0.06907244451297212,1.0,0.0,1.0
-3.0,500,227.868801,1.0,0.0,0.0,0.0,0.0
-64.62218,500,229.70699,1.2518816284445589,0.12594081422227943,1.0,0.0,1.0
-1.8847435,500,232.187741,1.0768377357861598,0.03841886789307991,1.0,0.0,1.0
0.5360899,500,234.027657,1.3573932503578505,0.17869662517892526,1.0,0.0,1.0
-2.5620193,500,236.488797,1.2487089144379273,0.13520337572885627,1.0,1.0,1.0
-4.9962955,500,238.371395,1.0037045455295481,0.0018522727647740655,1.0,0.0,0.0
-1.94412,500,240.901658,1.0566163816204255,0.027939974135758106,2.0,0.0,0.0
-2.0655446,500,242.732464,0.9344554671865656,-0.03277226640671721,0.0,1.0,0.0
-86.0,500,245.288577,1.0,0.0,0.0,0.0,0.0
-6.076958,500,247.164409,0.8893596751415729,-0.05135076892466289,1.0,1.0,1.0
-9.051842,500,249.803777,0.871391125821192,-0.056078914070685826,3.0,4.0,1.0
-3.130791,500,251.695039,0.873427809739837,-0.0653954758767446,0.0,2.0,0.0
-2.982059,500,254.15532,1.0178778687391323,0.008970552633159878,2.0,1.0,0.0
-5.0465565,500,255.9957,0.9018414496116861,-0.04528442537312449,1.0,3.0,1.0
-3.9952846,500,258.426082,1.0047154753946512,0.0023577376973256126,1.0,0.0,0.0
-6.6503916,500,260.257699,1.2391050274295878,0.1183455091265379,2.0,1.0,1.0
-4.1621313,500,262.711943,0.8441188666320557,-0.08106577726206193,0.0,2.0,0.0
-4.3769293,500,264.56192,1.434460922593658,0.2076903139956502,2.0,0.0,2.0
-3.0586324,500,267.038293,0.9424300367774824,-0.029316231724181074,0.0,3.0,0.0
-5.0503616,500,268.887506,0.9496381658263088,-0.02518091708684561,0.0,1.0,0.0
-0.835829,500,271.336414,1.0904472952794746,0.04798241654365709,1.0,1.0,1.0
-4.473421,500,273.141546,1.3184406043874384,0.16779946266962942,1.0,3.0,1.0
-2.0,500,275.587168,1.0,0.0,0.0,0.0,0.0
-26.067804,500,277.389451,0.9289767266918213,-0.03390136139562133,5.0,8.0,0.0
-10.837246,500,279.287813,1.104889556747652,0.053846596321073026,2.0,1.0,1.0
-21.164118,500,281.115394,0.7864895971765191,-0.10064420816323483,9.0,9.0,1.0
-0.02734433,500,283.589111,0.9713369316827826,-0.01367216334168786,2.0,1.0,0.0
-8.900997,500,285.422647,1.0625846276531314,0.031791621356423216,5.0,4.0,1.0
-25.030272,500,287.920096,0.968942159959733,-0.015135218715093268,7.0,6.0,0.0
-7.7834086,500,289.803577,1.0940018466889703,0.05433678667665892,4.0,1.0,2.0
-3.190179,500,292.372766,0.8098209657187694,-0.09508951714061531,0.0,1.0,0.0
-1.0,500,294.277868,1.0,0.0,0.0,0.0,0.0
-21.118296,500,296.846924,0.8854546949344769,-0.05914715615563798,2.0,4.0,0.0
-13.0,500,298.776897,1.0,0.0,0.0,0.0,0.0
-1.7482815,500,301.354276,1.1678123079907394,0.08390615399536971,1.0,0.0,1.0
-23.006678,500,303.275169,0.989924123760247,-0.0033387301006865266,3.0,2.0,0.0
-1.8471916,500,305.783864,1.1184068856715232,0.05768713648488388,2.0,0.0,1.0
-1.0,500,307.59638,1.0,0.0,0.0,0.0,0.0
0.010889433,500,309.413786,1.0108894331659715,0.005444716582985731,1.0,0.0,0.0
-10.699057,500,311.856023,1.247423978129903,0.11362176748848485,7.0,0.0,2.0
-2.1536455,500,313.66174,0.8463545120961621,-0.07682274395191896,0.0,1.0,0.0
-5.1922936,500,316.111951,0.8175189866007329,-0.09614692502321892,1.0,4.0,0.0
-3.564898,500,317.949963,1.290068049960895,0.14503402498044748,1.0,0.0,1.0
-7.0924535,500,320.399969,0.9075949962844925,-0.04622692457009303,2.0,2.0,0.0
-1.0900332,500,322.226023,0.9099667764638617,-0.04501661176806915,0.0,1.0,0.0
0.028533047,500,324.683686,1.0285330470919933,0.014266523545996668,1.0,0.0,0.0
0.0,500,326.48806,1.0,0.0,0.0,0.0,0.0
-2.0,500,328.947029,1.0,0.0,0.0,0.0,0.0
-14.09076,500,330.761326,0.9089986289965226,-0.045379478039689225,4.0,4.0,0.0
-51.0,500,333.220576,1.0,0.0,0.0,0.0,0.0
-15.151484,500,335.119093,0.8542046624188109,-0.07574216002244638,3.0,4.0,0.0
-5.0165544,500,337.707372,0.9833767638885732,-0.008277133883272447,1.0,1.0,0.0
-9.107679,500,339.609503,0.8949376939205779,-0.05384005549153392,3.0,4.0,0.0
-15.954053,500,342.147943,0.9845002809050897,-0.0034694002024868165,4.0,5.0,2.0
-12.945639,500,344.053706,1.054184616478302,0.027180619871990774,3.0,1.0,0.0
-7.653433,500,346.599962,1.238130238173551,0.11764682321522502,2.0,0.0,1.0
-18.886356,500,348.488337,0.969459746023161,-0.002397463576181591,2.0,7.0,2.0
-1.0620031,500,351.042269,0.9379969153428135,-0.031001542328593257,0.0,1.0,0.0
-7.005845,500,353.004114,0.9933386433127273,-0.002922677043956712,1.0,2.0,0.0
-14.330182,500,355.365558,1.505977121331068,0.2232727230502939,3.0,0.0,3.0
-7.9406447,500,357.26309,1.060189869654245,0.029677928197688663,6.0,2.0,0.0
-71.0,500,359.871418,1.0,0.0,0.0,0.0,0.0
-26.443905,500,361.778434,0.6046157109813415,-0.22195144958816032,6.0,8.0,0.0
-8.897423,500,364.333093,1.054205266675427,0.02867588215291933,2.0,1.0,1.0
-163.0,500,366.230211,1.0,0.0,0.0,0.0,0.0
-21.274233,500,368.784033,0.6995910226265339,-0.16017348678442017,5.0,8.0,1.0
-10.865101,500,370.69074,0.9698509943731135,0.006490720703337505,2.0,2.0,1.0
-15.786547,500,373.262535,1.0876741744397471,0.04782577031198548,4.0,5.0,3.0
-4.6763096,500,375.214135,1.1688190581046003,0.09075684920654664,2.0,1.0,2.0
-22.865639,500,377.785654,1.0264329673500032,0.027477582735413064,3.0,1.0,1.0
-0.7773421,500,379.707864,1.1484386228257495,0.07421931141287474,1.0,0.0,1.0
-15.115829,500,382.335019,0.8606786326939918,-0.07043972480394528,2.0,3.0,1.0
-9.010215,500,384.28491,0.9883612976893694,-0.0051076267492119465,1.0,1.0,0.0
-7.9403524,500,386.842705,1.0332085505092368,0.017040298764462114,1.0,1.0,1.0
-10.660234,500,388.75319,1.275502372317839,0.1260806795337811,6.0,1.0,2.0
-3.093198,500,391.317276,0.9084090390231494,-0.04659899160712988,2.0,3.0,0.0
-6.091695,500,393.207337,0.9086969743131309,-0.045847236279911,0.0,2.0,0.0
-10.769537,500,395.809316,1.1339487069806595,0.07062802398281237,2.0,1.0,1.0
-59.949234,500,397.76842,1.0514119351261813,0.025384168362145854,2.0,0.0,0.0
-1.1032183,500,400.370407,0.8967816222252291,-0.05160918888738547,0.0,1.0,0.0
-1.9995229,500,402.280625,1.0004771369390484,0.00023856846952419186,1.0,0.0,0.0
-54.0,500,404.213657,1.0,0.0,0.0,0.0,0.0
-43.039616,500,406.784408,0.9595087376503435,-0.01980564505669874,2.0,2.0,0.0
-5.0,500,408.692973,1.0,0.0,0.0,0.0,0.0
-5.233348,500,411.28047,0.7794295697595652,-0.11667396816563391,0.0,4.0,0.0
-4.0874853,500,413.230832,0.9125146252900308,-0.0437426873549846,0.0,1.0,0.0
-0.7600245,500,415.785916,1.1599836749848866,0.07999183749244332,1.0,0.0,1.0
-3.6227164,500,417.696318,1.2658775112248513,0.1257611587473123,2.0,0.0,2.0
-2.0930526,500,420.234447,0.9084058931623782,-0.0465262998596212,0.0,2.0,0.0
-0.7831904,500,422.140751,1.1476312558856236,0.07150865376208759,2.0,1.0,2.0
-9.841278,500,424.692879,1.1060107244019888,0.0529818046133359,2.0,0.0,1.0
-13.780381,500,426.585159,1.1534202055911786,0.07402126678582988,3.0,1.0,2.0
-11.99997,500,429.164114,0.9997334619573723,1.4519666881707138e-05,2.0,3.0,0.0
-11.213685,500,431.05763,0.7566881497013687,-0.12602240543864135,2.0,5.0,1.0
-81.73039,500,433.579,1.1724132983386875,0.08787229604028296,3.0,1.0,1.0
-11.044921,500,435.495319,0.8935119814154456,-0.042113619442011474,2.0,1.0,1.0
-4.926963,500,438.059744,1.0325899472944386,0.018586052440200673,3.0,1.0,1.0
-3.1369948,500,439.975859,0.8630050181728632,-0.06849749091356838,0.0,1.0,0.0
-3.0,500,442.540434,1.0,0.0,0.0,0.0,0.0
-3.0427232,500,444.425235,0.8788900947058045,-0.04901528253279175,1.0,1.0,1.0
-30.72848,500,446.924477,1.1752614033264628,0.08868525844720287,2.0,1.0,1.0
-27.062685,500,448.858086,0.8871862866570285,-0.05394006495895637,3.0,5.0,1.0
-7.6299505,500,451.401905,1.1888610239141637,0.09939392044521084,4.0,3.0,3.0
-189.0,500,453.279318,1.0,0.0,0.0,0.0,0.0
-16.954987,500,455.848453,0.9610716885104048,-0.010117608548254664,5.0,2.0,2.0
-26.05953,500,457.763656,0.8639245391606886,-0.06507660192312492,4.0,9.0,2.0
-1.9671973,500,460.335282,1.0323775053884474,0.016401391678618316,1.0,1.0,0.0
-15.667559,500,462.252568,1.1707885494907389,0.08811146589455715,6.0,3.0,4.0
-22.687784,500,464.834891,1.1766160275766524,0.08942667047677277,7.0,4.0,4.0
-14.089394,500,466.731543,0.8716787504903791,-0.0632429514542614,5.0,5.0,1.0
-19.6538,500,469.296858,1.2028089493904972,0.10216897190538504,6.0,4.0,3.0
-26.121258,500,471.204118,0.8809576970496001,-0.060629965561856236,5.0,7.0,0.0
-8.051669,500,473.7738,0.946722897836168,-0.025834820606627396,1.0,2.0,0.0
-5.0,500,475.67453,1.0,0.0,0.0,0.0,0.0
-5.934816,500,478.245219,1.0357996353767036,0.01845506355655757,1.0,1.0,1.0
-27.259848,500,480.191289,0.6959079990549814,-0.1641857886159211,8.0,12.0,2.0
-32.106243,500,482.785114,0.8469716094697574,-0.07600261147121251,7.0,11.0,1.0
-29.088263,500,484.722843,0.8273603347796185,-0.08288244928844091,10.0,12.0,2.0
-15.753825,500,486.677392,1.1254865898614768,0.06795371108383247,3.0,2.0,2.0
-10.714052,500,488.5072,1.1804655383440392,0.08951773866764884,3.0,2.0,2.0
-37.279053,500,490.944806,0.6995318629143334,-0.16696713568491983,3.0,15.0,1.0
-22.920345,500,492.742714,1.035673370892629,0.023881324366641365,11.0,2.0,1.0
-15.8079815,500,495.19061,1.1035922812475358,0.056688716666400574,3.0,3.0,1.0
-21.045794,500,496.991819,0.9145406040824479,-0.0409930001673639,1.0,4.0,1.0
-7.031199,500,498.805984,0.9632006952515958,-0.0155995406570002,6.0,3.0,0.0
-3.9159188,500,501.242371,1.0560541568033186,0.0280270784016593,1.0,0.0,1.0
-2.0278606,500,503.04372,0.972139378428458,-0.013930310785771005,0.0,1.0,0.0
-20.4789,500,505.497784,1.347399733781626,0.17369986689081296,1.0,0.0,1.0
-2.1598635,500,507.308993,0.8401365150593628,-0.07993174247031859,0.0,1.0,0.0
-5.249032,500,509.826028,0.7509680424145434,-0.1245159787927283,0.0,1.0,0.0
0.0,500,511.648672,1.0,0.0,0.0,0.0,0.0
-1.0,500,514.195715,1.0,0.0,0.0,0.0,0.0
-14.578293,500,516.081897,1.304857949809068,0.14267834223099424,4.0,1.0,2.0
-15.095433,500,518.566328,0.9049741840793457,-0.04771677507508715,2.0,5.0,0.0
-0.8359066,500,520.400764,1.1093955822539683,0.05469779112698414,1.0,0.0,1.0
-9.110481,500,523.051872,0.8932836629146043,-0.05524051974821487,0.0,4.0,0.0
-13.036515,500,525.274013,0.9630290841538509,-0.018257804528784616,2.0,3.0,0.0
-70.60804,500,528.312206,1.2776428400845368,0.13065273405178113,2.0,0.0,2.0
0.0,500,530.522018,1.0,0.0,0.0,0.0,0.0
0.0,500,533.597072,1.0,0.0,0.0,0.0,0.0
-87.976524,500,535.824284,1.0220711862604206,0.011738091141372309,4.0,2.0,0.0
0.0,500,538.940703,1.0,0.0,0.0,0.0,0.0
-0.039419264,500,541.195317,0.960580734721151,-0.01970963263942449,0.0,1.0,0.0
-17.27842,500,543.743836,0.6533097073854418,-0.17790899196203824,2.0,6.0,1.0
-71.21571,500,545.966082,0.7465982683287252,-0.13649364632239325,7.0,14.0,2.0
-49.847546,500,549.145218,1.1027297401579514,0.05360924807057016,18.0,15.0,1.0
-33.01448,500,551.322632,0.9055669955253008,-0.03817111209307844,9.0,9.0,1.0
-28.044588,500,554.404254,0.896831757001225,-0.049343414096164495,6.0,8.0,1.0
-43.805084,500,556.574836,1.0516303418437336,0.03361247351781954,11.0,7.0,4.0
-20.110746,500,559.597046,0.8523609764138318,-0.06990610014452675,8.0,9.0,1.0
-20.50559,500,561.731422,1.3009064603494627,0.14456184036994563,9.0,4.0,5.0
-19.247522,500,564.751008,0.7655698927209345,-0.12376126098533219,5.0,7.0,0.0
-15.71545,500,566.911766,1.1412211028191745,0.07790842999185937,6.0,7.0,2.0
-14.917916,500,569.948834,1.0840667178792767,0.041041756637546944,6.0,3.0,0.0
-38.044155,500,572.155366,0.9515967727159556,-0.022078094265676862,6.0,7.0,0.0
-24.913015,500,575.207466,1.0533144860578443,0.02770117861732202,7.0,5.0,1.0
-13.9786005,500,577.450974,0.9355796211784098,-0.026063162875239687,4.0,8.0,2.0
-27.447393,500,580.468891,0.5653898475287987,-0.2486591208942318,3.0,10.0,1.0
-28.527273,500,582.694316,1.136784609922028,0.10320060862815023,4.0,5.0,3.0
-18.949717,500,585.636288,0.9852161761820553,-0.002361773467570938,4.0,5.0,1.0
-11.178154,500,587.879275,0.8263438720613353,-0.08907683423979884,1.0,2.0,0.0
-10.967623,500,590.890864,1.032377083613653,0.016188541806826495,1.0,0.0,0.0
-8.067633,500,593.112118,0.9290622007708543,-0.033816375043611624,2.0,3.0,0.0
-12.973002,500,596.079432,1.0255410615586797,0.013497962711252087,3.0,2.0,0.0
-4.123435,500,598.331254,0.8765649942080495,-0.061717502895975274,0.0,1.0,0.0
-3.2143364,500,600.497181,0.7920033355185169,-0.1071681557461891,1.0,2.0,0.0
0.0,500,603.525379,1.0,0.0,0.0,0.0,0.0
0.0,500,605.672141,1.0,0.0,0.0,0.0,0.0
-1.0,500,608.766326,1.0,0.0,0.0,0.0,0.0
0.0,500,610.917514,1.0,0.0,0.0,0.0,0.0
-56.0,500,614.014518,1.0,0.0,0.0,0.0,0.0
-1.0,500,616.182328,1.0,0.0,0.0,0.0,0.0
-0.14778537,500,619.204209,0.8508897124490502,-0.07389268219734463,1.0,1.0,0.0
-90.0,500,621.375265,1.0,0.0,0.0,0.0,0.0
0.0,500,624.363991,1.0,0.0,0.0,0.0,0.0
0.19019657,500,626.662703,1.1267977181783546,0.0633988590891773,1.0,0.0,1.0
-28.956036,500,629.716907,1.0119156836747405,0.009434280099564485,11.0,9.0,1.0
-5.434194,500,632.012329,1.3979847269416605,0.19361806335459708,2.0,0.0,1.0
-9.608458,500,635.046365,1.2883975955598008,0.13467668484717416,4.0,2.0,2.0
-93.55592,500,637.302051,1.296052037582496,0.148026018791248,1.0,0.0,1.0
-3.2068725,500,639.668085,1.5287516877224243,0.26437584386121216,1.0,0.0,1.0
-18.682293,500,641.874842,1.2240524688714463,0.11000164825829312,4.0,2.0,1.0
-172.05232,500,644.843926,0.9476742673584106,-0.026162866320794675,0.0,1.0,0.0
-65.63831,500,646.979762,1.2869098961924246,0.13429272746380277,10.0,3.0,1.0
-25.023035,500,649.14294,0.9696352239050418,-0.011517651424285513,5.0,5.0,0.0
-16.337294,500,651.338094,1.4452363341857934,0.21674034879144827,4.0,1.0,2.0
-2.0,500,654.231305,1.0,0.0,0.0,0.0,0.0
-33.251736,500,656.409912,0.7728735434249238,-0.12586712888198498,1.0,9.0,0.0
0.0,500,659.389657,1.0,0.0,0.0,0.0,0.0
-2.9753861,500,661.572122,1.0246137642210884,0.012306882110544204,1.0,0.0,0.0
-70.549095,500,664.659038,1.283807713021602,0.13929577726230302,21.0,13.0,3.0
-22.075691,500,666.786711,0.9231842834625539,-0.037845413594065236,3.0,3.0,0.0
-60.535374,500,669.825163,1.2170414623595396,0.12276548156576639,18.0,12.0,4.0
0.0,500,671.928102,1.0,0.0,0.0,0.0,0.0
-133.09454,500,674.986248,0.9045991974541632,-0.04727321364125603,2.0,3.0,0.0
-8.460049,500,677.072043,0.5441646760942438,-0.24480349985655886,2.0,6.0,1.0
-13.854738,500,679.393618,1.1143052588238898,0.05565392486356879,6.0,1.0,1.0
-6.1617646,500,681.54373,0.8368194512071458,-0.08088216465584452,1.0,2.0,0.0
-3.6239314,500,684.654936,0.9804098653878193,0.06439772577975461,2.0,2.0,1.0
-2.2163646,500,686.769089,0.7931973512109601,-0.10818236941108517,0.0,2.0,0.0
-23.803165,500,689.809332,1.1601112882831517,0.0769984362796261,7.0,3.0,1.0
-54.4328,500,691.91526,0.6040100179890466,-0.23459764117703402,7.0,18.0,1.0
-2.1789725,500,694.889211,0.8210275105407916,-0.0894862447296042,0.0,1.0,0.0
-11.9387045,500,697.017658,1.0621122224062884,0.03064790418332236,5.0,1.0,0.0
-3.060872,500,699.980885,0.9391280337709402,-0.030435983114529885,0.0,1.0,0.0
0.0,500,702.081239,1.0,0.0,0.0,0.0,0.0
0.0,500,705.055851,1.0,0.0,0.0,0.0,0.0
0.0,500,707.181689,1.0,0.0,0.0,0.0,0.0
-13.17556,500,709.37393,0.7878716953689173,-0.10495254772379614,2.0,4.0,1.0
-12.961704,500,712.338859,1.0382961108803561,0.019148055440178058,1.0,0.0,0.0
0.0,500,714.493511,1.0,0.0,0.0,0.0,0.0
-65.0,500,717.295568,1.0,0.0,0.0,0.0,0.0
0.0,500,719.449568,1.0,0.0,0.0,0.0,0.0
-6.7634087,500,721.720596,1.1344241872101097,0.06882721642739187,3.0,1.0,2.0
-6.9324555,500,723.868856,1.0225413353460515,0.015251664561610645,6.0,2.0,1.0
-15.006966,500,726.859656,0.9513871716182151,-0.021110691073620902,6.0,6.0,1.0
-37.102013,500,728.986308,0.8014541763730129,-0.09686940783319764,5.0,9.0,2.0
-25.470806,500,731.92678,1.3485490351528828,0.1604662932779783,9.0,4.0,5.0
-18.165493,500,734.0942,0.8314528967852546,-0.08274689306251204,3.0,2.0,0.0
-1.0100269,500,737.18593,0.9899730190631961,-0.005013490468401938,0.0,1.0,0.0
-20.731247,500,739.352053,1.1544976189253908,0.07994616728752058,5.0,6.0,2.0
-29.786604,500,742.38903,1.2305147389470614,0.10669819962942784,13.0,2.0,0.0
-3.0,500,744.499957,1.0,0.0,0.0,0.0,0.0
-8.107788,500,747.563868,0.8939497032247008,-0.05389368452916782,0.0,2.0,0.0
-2.0788114,500,749.733353,0.9211885765457867,-0.03940571172710666,0.0,1.0,0.0
-32.7664,500,752.774157,1.122601649004856,0.06408603794223999,11.0,6.0,3.0
-6.2471547,500,754.891307,0.7528451905503495,-0.12357740472482526,0.0,1.0,0.0
-5.5534506,500,757.887257,1.248828439865052,0.13040513084154987,2.0,1.0,2.0
-36.94965,500,760.101254,0.9513893854822867,-0.020029970618693105,9.0,12.0,3.0
-14.864666,500,763.151097,0.9972103586005314,0.01467555439223156,4.0,3.0,1.0
-4.741291,500,765.425063,1.1182050806455264,0.06710339283036593,2.0,1.0,2.0
-50.63634,500,768.460854,1.1825736880664954,0.09874198322955668,17.0,9.0,3.0
-2.0,500,770.728733,1.0,0.0,0.0,0.0,0.0
-29.348333,500,773.755182,0.6938232818960697,-0.1741672451091381,2.0,7.0,0.0
-1.0,500,776.049918,1.0,0.0,0.0,0.0,0.0
-10.936771,500,779.137879,1.0146572952475297,0.009731559303576498,2.0,2.0,1.0
-27.180567,500,781.386302,0.7975862880794237,-0.10637942816506357,1.0,5.0,1.0
-120.0,500,784.41489,1.0,0.0,0.0,0.0,0.0
-4.031633,500,786.58353,0.9683671160761135,-0.01581644196194326,0.0,1.0,0.0
0.0,500,789.540323,1.0,0.0,0.0,0.0,0.0
-65.50644,500,791.694914,1.4242118350723187,0.1838806322297462,12.0,5.0,3.0
-44.042522,500,794.632666,0.8362550002101626,-0.06468432561462717,12.0,7.0,2.0
-2.401617,500,796.759968,0.5983829329769713,-0.20080853351151434,0.0,1.0,0.0
-2.6373897,500,799.751126,1.2417401633259468,0.12087008166297342,1.0,0.0,1.0
-38.007294,500,801.862039,0.9860288076340359,-0.0036455773371110167,11.0,7.0,0.0
-16.567783,500,804.925525,1.356770581676791,0.1593177903226109,13.0,4.0,3.0
-39.141155,500,807.019048,0.7597035004804096,-0.11034205300778682,6.0,7.0,2.0
0.0,500,810.078914,1.0,0.0,0.0,0.0,0.0
-44.77169,500,812.187356,1.2472921049453545,0.11415160310668598,17.0,8.0,0.0
-28.215796,500,815.174982,0.7290722173935196,-0.14035789997716475,6.0,7.0,2.0
-22.702192,500,817.243578,1.2547956003732168,0.11659338593742513,12.0,3.0,2.0
-9.02442,500,819.392141,0.9752018724838055,-0.01220967951622609,1.0,3.0,0.0
-40.46199,500,822.285556,1.5030538402889508,0.21264326268714606,13.0,5.0,2.0
-47.790516,500,824.487891,1.0839609491367417,0.04881009699219119,12.0,12.0,3.0
-27.824665,500,827.405954,1.0554392869446438,0.03675885299618459,7.0,7.0,2.0
-53.06419,500,829.554901,0.9292888726606455,-0.03209704674133129,10.0,10.0,0.0
-13.173109,500,832.467842,0.8315728055019668,-0.08655436217218698,5.0,5.0,0.0
-20.866943,500,834.638156,1.0896594316753985,0.04554504374667617,4.0,4.0,1.0
-21.713135,500,837.601099,1.1294688423158594,0.07332808435838278,4.0,2.0,3.0
-23.65759,500,839.738826,1.1284892372520534,0.07787539588435272,7.0,8.0,3.0
-15.695393,500,842.830985,1.23022584556858,0.10777130468432328,4.0,0.0,2.0
-33.21524,500,844.994965,0.7494874811734843,-0.12227874125105792,6.0,9.0,1.0
-14.878012,500,848.039644,1.0840940949328193,0.04253830924835389,5.0,1.0,1.0
-7.5612683,500,850.212401,1.3218562250288115,0.15450093735101078,2.0,0.0,1.0
-24.486675,500,853.263103,1.4193636378397458,0.184980303157726,10.0,5.0,3.0
-13.199641,500,855.448757,0.7752179807619328,-0.1162251306346726,3.0,6.0,1.0
-6.001665,500,858.515865,0.998134518571374,-0.0008325693768350684,3.0,2.0,0.0
-23.500267,500,860.669313,1.339829570343182,0.16049785000322347,9.0,4.0,3.0
-9.797353,500,863.841007,1.104967380875403,0.055613270082821964,2.0,1.0,2.0
-6.263273,500,865.975786,0.7406054858967883,-0.13163620130277398,2.0,3.0,0.0
-14.071597,500,869.010612,0.9236252365893762,-0.03579824359888162,3.0,3.0,0.0
-12.612972,500,871.212026,1.2065625289922757,0.11251514716044064,5.0,6.0,2.0
-28.748472,500,874.215283,1.2124341279473314,0.10041918975380093,11.0,5.0,1.0
-19.057493,500,876.323468,0.9376063209527686,-0.028745933120390033,8.0,7.0,0.0
-7.0810776,500,879.33368,0.919181441816689,-0.040538849481735584,0.0,2.0,0.0
-10.087259,500,881.512103,0.9145414524715614,-0.04362970724226972,1.0,3.0,0.0
-25.979177,500,884.442634,0.9786642720738774,-0.007419460619669471,5.0,4.0,1.0
-34.011124,500,886.611018,0.9277302943144164,-0.031180221532680075,5.0,7.0,1.0
-26.128975,500,889.575874,0.8381571369234013,-0.07779666853350864,3.0,2.0,1.0
-22.58651,500,891.839373,0.5336585410974806,-0.29325451156093285,0.0,10.0,0.0
-21.043095,500,894.896435,0.884350227261008,-0.051580973879003233,5.0,6.0,1.0
-37.40534,500,897.162751,1.3576707873027443,0.17535503253854295,11.0,6.0,5.0
-32.77736,500,900.189156,1.0599493622076999,0.04734552085778565,6.0,6.0,1.0
-2.0375404,500,902.455629,0.9627165767400998,-0.018770216360401992,0.0,2.0,0.0
-30.94437,500,905.446388,1.004200012484327,0.007886828888685304,9.0,5.0,1.0
-5.0,500,907.641978,1.0,0.0,0.0,0.0,0.0
-12.069494,500,910.695684,0.9292099820796907,-0.03474729305756663,4.0,5.0,0.0
-9.147294,500,912.849344,0.8583549508806808,-0.07364687872247744,1.0,3.0,0.0
-1.0,500,915.903164,1.0,0.0,0.0,0.0,0.0
-10.210124,500,918.068721,0.7992687518995891,-0.10506210352453255,1.0,3.0,0.0
-8.390248,500,921.228011,0.6097515090885605,-0.19512424545571977,0.0,1.0,0.0
-9.037992,500,923.437577,0.9620084419409071,-0.018995779029546467,0.0,1.0,0.0
-1.0799667,500,926.612629,0.9200333847878485,-0.03998330760607577,0.0,1.0,0.0
-181.0,500,928.888565,1.0,0.0,0.0,0.0,0.0
-27.846325,500,931.189689,0.9701298364785685,0.0018636417084638701,9.0,10.0,3.0
-37.702545,500,933.624586,1.136522137280603,0.07525717741532761,7.0,5.0,3.0
-36.237026,500,935.905974,0.781058665762614,-0.11851371822326012,6.0,8.0,0.0
-21.65574,500,938.997118,1.2193522955564446,0.1090559133895459,5.0,2.0,2.0
-75.689705,500,941.351155,1.3144272128870693,0.14151544839351032,18.0,11.0,1.0
-25.148024,500,944.463102,0.8558168387394525,-0.07401148863253293,9.0,9.0,0.0
-41.92237,500,946.736457,0.9394510464638394,-0.02317316734029634,8.0,13.0,3.0
-12.50977,500,949.767981,1.2983830153304994,0.1510667965692764,2.0,1.0,2.0
-95.54189,500,951.99394,1.2259221941861749,0.12483265670381172,20.0,23.0,4.0
-6.167211,500,955.088315,0.8382856186288201,-0.08360537699495296,1.0,3.0,0.0
-65.83668,500,957.371454,1.1245683376042677,0.06326737886537243,15.0,14.0,1.0
-49.019474,500,960.469226,0.8855810504347497,-0.050219974090781216,12.0,14.0,3.0
-42.702915,500,962.731041,1.1271287596843995,0.07521425821789585,8.0,9.0,2.0
-21.569483,500,965.801235,1.3209057458992126,0.15025882671237517,5.0,2.0,2.0
-12.823599,500,968.093732,1.0598555497874775,0.037168210011334746,5.0,3.0,2.0
-14.324218,500,970.904415,1.4860738123266202,0.21493452551478082,5.0,3.0,4.0
-22.598608,500,973.144882,1.3270977250930558,0.14636106722885933,8.0,3.0,3.0
-29.218765,500,976.17598,0.7899978676157317,-0.1093812672203422,6.0,7.0,0.0
-9.596963,500,978.312199,1.2877543275055836,0.13981924797094558,3.0,1.0,1.0
-16.82978,500,981.33111,1.089428648724332,0.04615529843601951,5.0,5.0,2.0
-22.283916,500,983.4791,0.6898735027076152,-0.16115645854221772,4.0,5.0,1.0
-67.98134,500,986.471008,1.0114568655229677,0.009331614246325781,15.0,17.0,0.0
-15.033081,500,988.689087,0.9587008957729934,-0.0165404513593152,3.0,1.0,0.0
-78.135376,500,991.8476,0.8406929775219071,-0.08082211701530811,11.0,15.0,1.0
-21.760714,500,994.030449,1.1967405485274978,0.09392744222641641,7.0,4.0,2.0
-26.954067,500,997.130325,0.8453653037736507,-0.053285894296256575,9.0,8.0,3.0
-47.076584,500,999.259723,0.662798666928502,-0.16370942291004476,8.0,16.0,4.0
-55.623844,500,1002.235394,1.1513631356701206,0.08828908994594087,13.0,13.0,4.0
-14.090292,500,1004.341164,0.9082757468405007,-0.045145735762807115,3.0,4.0,0.0
-54.745026,500,1007.341892,1.0896565105084148,0.05957078669316418,13.0,9.0,3.0
-53.13557,500,1009.48338,0.7553921833881606,-0.12610852408545487,7.0,19.0,2.0
-25.90861,500,1012.500293,0.9849268908416531,0.000265167126441368,6.0,6.0,2.0
-27.118143,500,1014.654035,0.8025123517754625,-0.09748046842284908,6.0,7.0,2.0
-28.136467,500,1017.622879,0.7754329672814508,-0.1020236029766699,4.0,6.0,1.0
-2.9310944,500,1019.820557,1.0257362776755532,0.01460700583915725,1.0,2.0,1.0
-12.791259,500,1022.765727,1.1124216757252856,0.062124979369617694,6.0,4.0,1.0
-55.94593,500,1024.932392,0.9375105728210531,-0.016452557283841818,7.0,6.0,1.0
-58.781464,500,1027.850486,1.1165140338482278,0.06545320432726753,13.0,7.0,2.0
-34.521374,500,1030.040922,1.2316464851015536,0.13522336254252748,10.0,12.0,2.0
-27.861,500,1032.971277,1.0819552751421102,0.042923110709254586,7.0,4.0,2.0
-12.058682,500,1035.128908,0.9394518815857746,-0.029340984672792614,3.0,2.0,0.0
-40.059696,500,1038.080313,0.8719647782401189,-0.0609437493529274,16.0,21.0,1.0
-27.03388,500,1040.278787,0.8784913631633113,-0.056062680492314665,8.0,8.0,2.0
-15.593421,500,1042.411891,1.1986994897079664,0.11846778704386418,4.0,1.0,1.0
-19.13316,500,1045.422929,0.8203344303187359,-0.08788483742771813,1.0,6.0,1.0
-19.741161,500,1047.556595,1.1928159856713114,0.09369860860281837,4.0,3.0,1.0
-52.889347,500,1050.663481,1.034761399941101,0.02301374806104295,10.0,9.0,2.0
-38.836525,500,1052.807945,1.0232841519590665,0.023630946251425533,6.0,5.0,2.0
-13.231192,500,1055.882699,0.752714526035831,-0.13067703015395832,4.0,6.0,1.0
-6.7895746,500,1058.058775,1.1373676672984692,0.06980875643162504,2.0,3.0,1.0
-35.062378,500,1061.055711,0.8594824099708921,-0.06250841855261718,12.0,9.0,2.0
-7.239432,500,1063.258108,0.7616995238726388,-0.11971579420431344,5.0,4.0,0.0
-35.83219,500,1066.184253,1.09349670457621,0.0488221512979054,9.0,10.0,2.0
-17.159348,500,1068.37997,0.844493330217806,-0.07967492828192607,3.0,4.0,0.0
-32.08848,500,1071.356952,0.8369462935809818,-0.07784961106426824,7.0,7.0,2.0
-12.743596,500,1073.623254,1.1336018382419646,0.07417524599967806,5.0,2.0,1.0
-30.092607,500,1076.614947,0.9054631252173767,-0.04630424830115165,6.0,9.0,0.0
-13.590653,500,1078.867697,1.3099791567249353,0.13934747299649414,8.0,1.0,4.0
-34.00025,500,1081.887474,0.9981254847120988,-0.00012541060857085284,3.0,5.0,0.0
-23.767433,500,1084.0984,1.1281880968156304,0.06863679822483637,2.0,5.0,1.0
-2.155971,500,1087.125077,0.8489610042145675,-0.07798547662001992,0.0,2.0,0.0
-49.132454,500,1089.361277,0.8677839443821808,-0.06622710071850163,7.0,14.0,0.0
-40.570595,500,1092.383593,1.3047914149791315,0.14070931326871616,7.0,3.0,3.0
-68.3654,500,1094.549358,0.6576263754485523,-0.18270076583779116,13.0,12.0,0.0
-28.53,500,1097.597039,1.3481101661243418,0.16100276788552742,9.0,5.0,2.0
-23.015545,500,1099.770958,0.8529132500002996,-0.053347684405063156,8.0,4.0,2.0
-7.6335335,500,1102.8491,1.2569112502807394,0.1262340126334946,3.0,1.0,1.0
-23.792055,500,1105.094706,1.0383649156934225,0.033136168053018444,6.0,7.0,2.0
-28.04012,500,1108.288692,0.834208261502659,-0.06390310119771164,5.0,6.0,1.0
-44.356384,500,1110.470463,0.5185286049611458,-0.2528693008458081,13.0,16.0,4.0
-55.057667,500,1113.625264,0.8901560114965174,-0.05042571470115503,14.0,18.0,1.0
-12.81878,500,1115.862221,1.146086430508202,0.070165554648416,4.0,0.0,1.0
-45.020382,500,1118.93675,0.7649809407217961,-0.08999848121574416,17.0,15.0,3.0
-11.8238945,500,1121.209301,1.150679361559486,0.07179127641431482,4.0,0.0,1.0
-34.669945,500,1124.31533,1.2634181954949504,0.12016822753507406,13.0,6.0,3.0
-71.04341,500,1126.509951,0.9141782985564654,-0.038403726907303204,19.0,16.0,1.0
-5.002177,500,1129.56242,0.997712992309497,-0.0010882568166082351,2.0,1.0,0.0
-10.707108,500,1131.775355,1.1870785129199801,0.0902399127199826,4.0,3.0,3.0
-8.145839,500,1134.797654,0.8171974973056594,-0.09244907533763425,3.0,4.0,1.0
-9.710297,500,1136.922534,1.1798225741771777,0.08950237850520426,3.0,1.0,2.0
-13.855814,500,1139.980616,1.0872181522945894,0.045507047963282365,3.0,3.0,1.0
-5.963425,500,1142.188241,1.0347212328175361,0.018287536767126966,6.0,1.0,0.0
-14.7769375,500,1145.158635,1.1377470200032112,0.07063057456207644,2.0,2.0,1.0
-23.241299,500,1147.364818,0.7751126445913954,-0.12064780435769695,2.0,4.0,0.0
-48.312077,500,1150.334022,0.6436482523448376,-0.1782965646463649,7.0,8.0,1.0
-35.10368,500,1152.538993,0.8716276377687645,-0.06571315986579646,9.0,10.0,1.0
-43.175278,500,1154.74769,0.8329758120881446,-0.0876385141844363,10.0,13.0,0.0
-18.678596,500,1157.729682,1.181234798947083,0.09395698111310252,4.0,5.0,2.0
-44.00215,500,1159.899222,0.927049292383023,-0.032242295638966745,11.0,6.0,2.0
-10.098337,500,1162.879863,0.9052966959371623,-0.04916854399763054,0.0,5.0,0.0
-14.9020815,500,1165.097074,1.0170212883431178,0.012335472050945318,2.0,3.0,2.0
-44.8597,500,1168.227473,1.0922589616280274,0.049734170380094034,12.0,7.0,1.0
-21.43411,500,1170.489832,0.5996358349090157,-0.23045768877920264,5.0,9.0,1.0
-11.567551,500,1173.664093,1.318191513633547,0.1525649098562057,5.0,2.0,1.0
-18.232052,500,1175.85041,0.783904167079586,-0.11602659691609052,2.0,7.0,0.0
-27.793596,500,1178.951395,1.0566234376502976,0.03787748810887975,6.0,12.0,2.0
-23.737906,500,1181.159152,1.2044198175918217,0.09612248537272333,5.0,2.0,2.0
-9.960985,500,1184.137217,1.0388065591935776,0.01950762581607185,1.0,1.0,0.0
-19.891972,500,1186.327538,1.1105773969839918,0.05401349469553374,8.0,3.0,0.0
-51.122982,500,1189.307383,0.851124389805755,-0.0747618273334309,10.0,12.0,1.0
-38.04337,500,1191.617927,0.9207199131966375,-0.03704816781324316,8.0,14.0,1.0
-34.6167,500,1194.60463,1.2744574633036927,0.13332177553071656,5.0,2.0,1.0
-35.505714,500,1196.773866,0.5536436177837197,-0.27028706087124604,7.0,10.0,1.0
-27.67951,500,1199.808093,1.1937211073039204,0.09854975447723319,8.0,5.0,2.0
-23.784986,500,1202.02571,1.166613403551866,0.0795337876434688,5.0,5.0,2.0
-13.977446,500,1204.950965,1.0186720265146885,0.011277555514926874,5.0,3.0,0.0
-19.90358,500,1207.1091,0.8951757181288204,-0.03672561778781408,4.0,7.0,3.0
-43.69688,500,1210.072119,1.0317492637704375,0.04574701249251667,9.0,9.0,3.0
-17.07963,500,1212.255245,0.8671284987400677,-0.06306481323018337,3.0,4.0,1.0
-24.971981,500,1215.228641,0.9426320520778704,-0.024455644998307713,4.0,8.0,2.0
-8.722842,500,1217.333954,1.131349303831199,0.07492705474221661,4.0,3.0,2.0
-17.712492,500,1220.304374,1.1570605247986587,0.08314858690126398,5.0,3.0,2.0
-25.191238,500,1222.475541,0.7294058509079716,-0.13412960245704897,4.0,9.0,1.0
-31.306625,500,1225.605807,0.6911526740389148,-0.16586798292532784,2.0,4.0,1.0
-23.749977,500,1227.747063,1.17745522697655,0.08716952412579343,4.0,2.0,1.0
-14.066771,500,1230.860711,0.9278172470143431,-0.03338553248547382,3.0,2.0,0.0
-15.004019,500,1232.983416,0.9951828583582456,-0.0020102588167662527,3.0,2.0,0.0
